번호,언어 제공자 ID,취득연도,방향,타입(단어/문장),파일명,한국어
8404,1,2017,정면,문장,KETI_SL_0000008404.MOV,화상을 입었어요
8614,2,2017,정면,문장,KETI_SL_0000008614.MTS,화상을 입었어요
8824,3,2017,정면,문장,KETI_SL_0000008824.MOV,화상을 입었어요
9034,4,2017,정면,문장,KETI_SL_0000009034.MOV,화상을 입었어요
9244,5,2017,정면,문장,KETI_SL_0000009244.MOV,화상을 입었어요
9454,6,2017,정면,문장,KETI_SL_0000009454.MOV,화상을 입었어요
9664,7,2017,정면,문장,KETI_SL_0000009664.MOV,화상을 입었어요
9874,8,2017,정면,문장,KETI_SL_0000009874.MOV,화상을 입었어요
10084,9,2017,정면,문장,KETI_SL_0000010084.MOV,화상을 입었어요
10294,10,2017,정면,문장,KETI_SL_0000010294.MOV,화상을 입었어요
8431,1,2017,정면,문장,KETI_SL_0000008431.MOV,홍수가 나서 집이 물에 잠기고 있어요
8641,2,2017,정면,문장,KETI_SL_0000008641.MTS,홍수가 나서 집이 물에 잠기고 있어요
8851,3,2017,정면,문장,KETI_SL_0000008851.MOV,홍수가 나서 집이 물에 잠기고 있어요
9061,4,2017,정면,문장,KETI_SL_0000009061.MOV,홍수가 나서 집이 물에 잠기고 있어요
9271,5,2017,정면,문장,KETI_SL_0000009271.MOV,홍수가 나서 집이 물에 잠기고 있어요
9481,6,2017,정면,문장,KETI_SL_0000009481.MOV,홍수가 나서 집이 물에 잠기고 있어요
9691,7,2017,정면,문장,KETI_SL_0000009691.MOV,홍수가 나서 집이 물에 잠기고 있어요
9901,8,2017,정면,문장,KETI_SL_0000009901.MOV,홍수가 나서 집이 물에 잠기고 있어요
10111,9,2017,정면,문장,KETI_SL_0000010111.MOV,홍수가 나서 집이 물에 잠기고 있어요
10321,10,2017,정면,문장,KETI_SL_0000010321.MOV,홍수가 나서 집이 물에 잠기고 있어요
8481,1,2017,정면,문장,KETI_SL_0000008481.MOV,허리가 아파서 일어날 수 없어요
8691,2,2017,정면,문장,KETI_SL_0000008691.MTS,허리가 아파서 일어날 수 없어요
8901,3,2017,정면,문장,KETI_SL_0000008901.MOV,허리가 아파서 일어날 수 없어요
9111,4,2017,정면,문장,KETI_SL_0000009111.MOV,허리가 아파서 일어날 수 없어요
9321,5,2017,정면,문장,KETI_SL_0000009321.MOV,허리가 아파서 일어날 수 없어요
9531,6,2017,정면,문장,KETI_SL_0000009531.MOV,허리가 아파서 일어날 수 없어요
9741,7,2017,정면,문장,KETI_SL_0000009741.MOV,허리가 아파서 일어날 수 없어요
9951,8,2017,정면,문장,KETI_SL_0000009951.MOV,허리가 아파서 일어날 수 없어요
10161,9,2017,정면,문장,KETI_SL_0000010161.MOV,허리가 아파서 일어날 수 없어요
10371,10,2017,정면,문장,KETI_SL_0000010371.MOV,허리가 아파서 일어날 수 없어요
8424,1,2017,정면,문장,KETI_SL_0000008424.MOV,해파리에게 쏘였어요
8634,2,2017,정면,문장,KETI_SL_0000008634.MTS,해파리에게 쏘였어요
8844,3,2017,정면,문장,KETI_SL_0000008844.MOV,해파리에게 쏘였어요
9054,4,2017,정면,문장,KETI_SL_0000009054.MOV,해파리에게 쏘였어요
9264,5,2017,정면,문장,KETI_SL_0000009264.MOV,해파리에게 쏘였어요
9474,6,2017,정면,문장,KETI_SL_0000009474.MOV,해파리에게 쏘였어요
9684,7,2017,정면,문장,KETI_SL_0000009684.MOV,해파리에게 쏘였어요
9894,8,2017,정면,문장,KETI_SL_0000009894.MOV,해파리에게 쏘였어요
10104,9,2017,정면,문장,KETI_SL_0000010104.MOV,해파리에게 쏘였어요
10314,10,2017,정면,문장,KETI_SL_0000010314.MOV,해파리에게 쏘였어요
8382,1,2017,정면,문장,KETI_SL_0000008382.MOV,해안가에 해파리가 나타났어요
8592,2,2017,정면,문장,KETI_SL_0000008592.MTS,해안가에 해파리가 나타났어요
8802,3,2017,정면,문장,KETI_SL_0000008802.MOV,해안가에 해파리가 나타났어요
9012,4,2017,정면,문장,KETI_SL_0000009012.MOV,해안가에 해파리가 나타났어요
9222,5,2017,정면,문장,KETI_SL_0000009222.MOV,해안가에 해파리가 나타났어요
9432,6,2017,정면,문장,KETI_SL_0000009432.MOV,해안가에 해파리가 나타났어요
9642,7,2017,정면,문장,KETI_SL_0000009642.MOV,해안가에 해파리가 나타났어요
9852,8,2017,정면,문장,KETI_SL_0000009852.MOV,해안가에 해파리가 나타났어요
10062,9,2017,정면,문장,KETI_SL_0000010062.MOV,해안가에 해파리가 나타났어요
10272,10,2017,정면,문장,KETI_SL_0000010272.MOV,해안가에 해파리가 나타났어요
8475,1,2017,정면,문장,KETI_SL_0000008475.MOV,해안가에 상어가 나타났어요
8685,2,2017,정면,문장,KETI_SL_0000008685.MTS,해안가에 상어가 나타났어요
8895,3,2017,정면,문장,KETI_SL_0000008895.MOV,해안가에 상어가 나타났어요
9105,4,2017,정면,문장,KETI_SL_0000009105.MOV,해안가에 상어가 나타났어요
9315,5,2017,정면,문장,KETI_SL_0000009315.MOV,해안가에 상어가 나타났어요
9525,6,2017,정면,문장,KETI_SL_0000009525.MOV,해안가에 상어가 나타났어요
9735,7,2017,정면,문장,KETI_SL_0000009735.MOV,해안가에 상어가 나타났어요
9945,8,2017,정면,문장,KETI_SL_0000009945.MOV,해안가에 상어가 나타났어요
10155,9,2017,정면,문장,KETI_SL_0000010155.MOV,해안가에 상어가 나타났어요
10365,10,2017,정면,문장,KETI_SL_0000010365.MOV,해안가에 상어가 나타났어요
8391,1,2017,정면,문장,KETI_SL_0000008391.MOV,할머니가 갑자기 쓰러지셨어요
8601,2,2017,정면,문장,KETI_SL_0000008601.MTS,할머니가 갑자기 쓰러지셨어요
8811,3,2017,정면,문장,KETI_SL_0000008811.MOV,할머니가 갑자기 쓰러지셨어요
9021,4,2017,정면,문장,KETI_SL_0000009021.MOV,할머니가 갑자기 쓰러지셨어요
9231,5,2017,정면,문장,KETI_SL_0000009231.MOV,할머니가 갑자기 쓰러지셨어요
9441,6,2017,정면,문장,KETI_SL_0000009441.MOV,할머니가 갑자기 쓰러지셨어요
9651,7,2017,정면,문장,KETI_SL_0000009651.MOV,할머니가 갑자기 쓰러지셨어요
9861,8,2017,정면,문장,KETI_SL_0000009861.MOV,할머니가 갑자기 쓰러지셨어요
10071,9,2017,정면,문장,KETI_SL_0000010071.MOV,할머니가 갑자기 쓰러지셨어요
10281,10,2017,정면,문장,KETI_SL_0000010281.MOV,할머니가 갑자기 쓰러지셨어요
8422,1,2017,정면,문장,KETI_SL_0000008422.MOV,폭탄이 터졌어요
8632,2,2017,정면,문장,KETI_SL_0000008632.MTS,폭탄이 터졌어요
8842,3,2017,정면,문장,KETI_SL_0000008842.MOV,폭탄이 터졌어요
9052,4,2017,정면,문장,KETI_SL_0000009052.MOV,폭탄이 터졌어요
9262,5,2017,정면,문장,KETI_SL_0000009262.MOV,폭탄이 터졌어요
9472,6,2017,정면,문장,KETI_SL_0000009472.MOV,폭탄이 터졌어요
9682,7,2017,정면,문장,KETI_SL_0000009682.MOV,폭탄이 터졌어요
9892,8,2017,정면,문장,KETI_SL_0000009892.MOV,폭탄이 터졌어요
10102,9,2017,정면,문장,KETI_SL_0000010102.MOV,폭탄이 터졌어요
10312,10,2017,정면,문장,KETI_SL_0000010312.MOV,폭탄이 터졌어요
8415,1,2017,정면,문장,KETI_SL_0000008415.MOV,터널이 무너져 갇혔어요
8625,2,2017,정면,문장,KETI_SL_0000008625.MTS,터널이 무너져 갇혔어요
8835,3,2017,정면,문장,KETI_SL_0000008835.MOV,터널이 무너져 갇혔어요
9045,4,2017,정면,문장,KETI_SL_0000009045.MOV,터널이 무너져 갇혔어요
9255,5,2017,정면,문장,KETI_SL_0000009255.MOV,터널이 무너져 갇혔어요
9465,6,2017,정면,문장,KETI_SL_0000009465.MOV,터널이 무너져 갇혔어요
9675,7,2017,정면,문장,KETI_SL_0000009675.MOV,터널이 무너져 갇혔어요
9885,8,2017,정면,문장,KETI_SL_0000009885.MOV,터널이 무너져 갇혔어요
10095,9,2017,정면,문장,KETI_SL_0000010095.MOV,터널이 무너져 갇혔어요
10305,10,2017,정면,문장,KETI_SL_0000010305.MOV,터널이 무너져 갇혔어요
8405,1,2017,정면,문장,KETI_SL_0000008405.MOV,친구가 음식을 먹다가 실수로 방부제를 같이 먹었어요
8615,2,2017,정면,문장,KETI_SL_0000008615.MTS,친구가 음식을 먹다가 실수로 방부제를 같이 먹었어요
8825,3,2017,정면,문장,KETI_SL_0000008825.MOV,친구가 음식을 먹다가 실수로 방부제를 같이 먹었어요
9035,4,2017,정면,문장,KETI_SL_0000009035.MOV,친구가 음식을 먹다가 실수로 방부제를 같이 먹었어요
9245,5,2017,정면,문장,KETI_SL_0000009245.MOV,친구가 음식을 먹다가 실수로 방부제를 같이 먹었어요
9455,6,2017,정면,문장,KETI_SL_0000009455.MOV,친구가 음식을 먹다가 실수로 방부제를 같이 먹었어요
9665,7,2017,정면,문장,KETI_SL_0000009665.MOV,친구가 음식을 먹다가 실수로 방부제를 같이 먹었어요
9875,8,2017,정면,문장,KETI_SL_0000009875.MOV,친구가 음식을 먹다가 실수로 방부제를 같이 먹었어요
10085,9,2017,정면,문장,KETI_SL_0000010085.MOV,친구가 음식을 먹다가 실수로 방부제를 같이 먹었어요
10295,10,2017,정면,문장,KETI_SL_0000010295.MOV,친구가 음식을 먹다가 실수로 방부제를 같이 먹었어요
8407,1,2017,정면,문장,KETI_SL_0000008407.MOV,친구가 숨을 안 쉬는 것 같아요
8617,2,2017,정면,문장,KETI_SL_0000008617.MTS,친구가 숨을 안 쉬는 것 같아요
8827,3,2017,정면,문장,KETI_SL_0000008827.MOV,친구가 숨을 안 쉬는 것 같아요
9037,4,2017,정면,문장,KETI_SL_0000009037.MOV,친구가 숨을 안 쉬는 것 같아요
9247,5,2017,정면,문장,KETI_SL_0000009247.MOV,친구가 숨을 안 쉬는 것 같아요
9457,6,2017,정면,문장,KETI_SL_0000009457.MOV,친구가 숨을 안 쉬는 것 같아요
9667,7,2017,정면,문장,KETI_SL_0000009667.MOV,친구가 숨을 안 쉬는 것 같아요
9877,8,2017,정면,문장,KETI_SL_0000009877.MOV,친구가 숨을 안 쉬는 것 같아요
10087,9,2017,정면,문장,KETI_SL_0000010087.MOV,친구가 숨을 안 쉬는 것 같아요
10297,10,2017,정면,문장,KETI_SL_0000010297.MOV,친구가 숨을 안 쉬는 것 같아요
8406,1,2017,정면,문장,KETI_SL_0000008406.MOV,친구가 감전 사고를 당했어요
8616,2,2017,정면,문장,KETI_SL_0000008616.MTS,친구가 감전 사고를 당했어요
8826,3,2017,정면,문장,KETI_SL_0000008826.MOV,친구가 감전 사고를 당했어요
9036,4,2017,정면,문장,KETI_SL_0000009036.MOV,친구가 감전 사고를 당했어요
9246,5,2017,정면,문장,KETI_SL_0000009246.MOV,친구가 감전 사고를 당했어요
9456,6,2017,정면,문장,KETI_SL_0000009456.MOV,친구가 감전 사고를 당했어요
9666,7,2017,정면,문장,KETI_SL_0000009666.MOV,친구가 감전 사고를 당했어요
9876,8,2017,정면,문장,KETI_SL_0000009876.MOV,친구가 감전 사고를 당했어요
10086,9,2017,정면,문장,KETI_SL_0000010086.MOV,친구가 감전 사고를 당했어요
10296,10,2017,정면,문장,KETI_SL_0000010296.MOV,친구가 감전 사고를 당했어요
8408,1,2017,정면,문장,KETI_SL_0000008408.MOV,차 안에 강아지가 방치되어있어요
8618,2,2017,정면,문장,KETI_SL_0000008618.MTS,차 안에 강아지가 방치되어있어요
8828,3,2017,정면,문장,KETI_SL_0000008828.MOV,차 안에 강아지가 방치되어있어요
9038,4,2017,정면,문장,KETI_SL_0000009038.MOV,차 안에 강아지가 방치되어있어요
9248,5,2017,정면,문장,KETI_SL_0000009248.MOV,차 안에 강아지가 방치되어있어요
9458,6,2017,정면,문장,KETI_SL_0000009458.MOV,차 안에 강아지가 방치되어있어요
9668,7,2017,정면,문장,KETI_SL_0000009668.MOV,차 안에 강아지가 방치되어있어요
9878,8,2017,정면,문장,KETI_SL_0000009878.MOV,차 안에 강아지가 방치되어있어요
10088,9,2017,정면,문장,KETI_SL_0000010088.MOV,차 안에 강아지가 방치되어있어요
10298,10,2017,정면,문장,KETI_SL_0000010298.MOV,차 안에 강아지가 방치되어있어요
8399,1,2017,정면,문장,KETI_SL_0000008399.MOV,쫓아오는 것 같아요
8609,2,2017,정면,문장,KETI_SL_0000008609.MTS,쫓아오는 것 같아요
8819,3,2017,정면,문장,KETI_SL_0000008819.MOV,쫓아오는 것 같아요
9029,4,2017,정면,문장,KETI_SL_0000009029.MOV,쫓아오는 것 같아요
9239,5,2017,정면,문장,KETI_SL_0000009239.MOV,쫓아오는 것 같아요
9449,6,2017,정면,문장,KETI_SL_0000009449.MOV,쫓아오는 것 같아요
9659,7,2017,정면,문장,KETI_SL_0000009659.MOV,쫓아오는 것 같아요
9869,8,2017,정면,문장,KETI_SL_0000009869.MOV,쫓아오는 것 같아요
10079,9,2017,정면,문장,KETI_SL_0000010079.MOV,쫓아오는 것 같아요
10289,10,2017,정면,문장,KETI_SL_0000010289.MOV,쫓아오는 것 같아요
8460,1,2017,정면,문장,KETI_SL_0000008460.MOV,집이 흔들려요
8670,2,2017,정면,문장,KETI_SL_0000008670.MTS,집이 흔들려요
8880,3,2017,정면,문장,KETI_SL_0000008880.MOV,집이 흔들려요
9090,4,2017,정면,문장,KETI_SL_0000009090.MOV,집이 흔들려요
9300,5,2017,정면,문장,KETI_SL_0000009300.MOV,집이 흔들려요
9510,6,2017,정면,문장,KETI_SL_0000009510.MOV,집이 흔들려요
9720,7,2017,정면,문장,KETI_SL_0000009720.MOV,집이 흔들려요
9930,8,2017,정면,문장,KETI_SL_0000009930.MOV,집이 흔들려요
10140,9,2017,정면,문장,KETI_SL_0000010140.MOV,집이 흔들려요
10350,10,2017,정면,문장,KETI_SL_0000010350.MOV,집이 흔들려요
8479,1,2017,정면,문장,KETI_SL_0000008479.MOV,집에 전기가 나갔어요
8689,2,2017,정면,문장,KETI_SL_0000008689.MTS,집에 전기가 나갔어요
8899,3,2017,정면,문장,KETI_SL_0000008899.MOV,집에 전기가 나갔어요
9109,4,2017,정면,문장,KETI_SL_0000009109.MOV,집에 전기가 나갔어요
9319,5,2017,정면,문장,KETI_SL_0000009319.MOV,집에 전기가 나갔어요
9529,6,2017,정면,문장,KETI_SL_0000009529.MOV,집에 전기가 나갔어요
9739,7,2017,정면,문장,KETI_SL_0000009739.MOV,집에 전기가 나갔어요
9949,8,2017,정면,문장,KETI_SL_0000009949.MOV,집에 전기가 나갔어요
10159,9,2017,정면,문장,KETI_SL_0000010159.MOV,집에 전기가 나갔어요
10369,10,2017,정면,문장,KETI_SL_0000010369.MOV,집에 전기가 나갔어요
8381,1,2017,정면,문장,KETI_SL_0000008381.MOV,집에 불이 났어요
8591,2,2017,정면,문장,KETI_SL_0000008591.MTS,집에 불이 났어요
8801,3,2017,정면,문장,KETI_SL_0000008801.MOV,집에 불이 났어요
9011,4,2017,정면,문장,KETI_SL_0000009011.MOV,집에 불이 났어요
9221,5,2017,정면,문장,KETI_SL_0000009221.MOV,집에 불이 났어요
9431,6,2017,정면,문장,KETI_SL_0000009431.MOV,집에 불이 났어요
9641,7,2017,정면,문장,KETI_SL_0000009641.MOV,집에 불이 났어요
9851,8,2017,정면,문장,KETI_SL_0000009851.MOV,집에 불이 났어요
10061,9,2017,정면,문장,KETI_SL_0000010061.MOV,집에 불이 났어요
10271,10,2017,정면,문장,KETI_SL_0000010271.MOV,집에 불이 났어요
8445,1,2017,정면,문장,KETI_SL_0000008445.MOV,집에 모르는 사람이 침입했어요
8655,2,2017,정면,문장,KETI_SL_0000008655.MTS,집에 모르는 사람이 침입했어요
8865,3,2017,정면,문장,KETI_SL_0000008865.MOV,집에 모르는 사람이 침입했어요
9075,4,2017,정면,문장,KETI_SL_0000009075.MOV,집에 모르는 사람이 침입했어요
9285,5,2017,정면,문장,KETI_SL_0000009285.MOV,집에 모르는 사람이 침입했어요
9495,6,2017,정면,문장,KETI_SL_0000009495.MOV,집에 모르는 사람이 침입했어요
9705,7,2017,정면,문장,KETI_SL_0000009705.MOV,집에 모르는 사람이 침입했어요
9915,8,2017,정면,문장,KETI_SL_0000009915.MOV,집에 모르는 사람이 침입했어요
10125,9,2017,정면,문장,KETI_SL_0000010125.MOV,집에 모르는 사람이 침입했어요
10335,10,2017,정면,문장,KETI_SL_0000010335.MOV,집에 모르는 사람이 침입했어요
8398,1,2017,정면,문장,KETI_SL_0000008398.MOV,집에 도둑(강도)이 들어왔어요
8608,2,2017,정면,문장,KETI_SL_0000008608.MTS,집에 도둑(강도)이 들어왔어요
8818,3,2017,정면,문장,KETI_SL_0000008818.MOV,집에 도둑(강도)이 들어왔어요
9028,4,2017,정면,문장,KETI_SL_0000009028.MOV,집에 도둑(강도)이 들어왔어요
9238,5,2017,정면,문장,KETI_SL_0000009238.MOV,집에 도둑(강도)이 들어왔어요
9448,6,2017,정면,문장,KETI_SL_0000009448.MOV,집에 도둑(강도)이 들어왔어요
9658,7,2017,정면,문장,KETI_SL_0000009658.MOV,집에 도둑(강도)이 들어왔어요
9868,8,2017,정면,문장,KETI_SL_0000009868.MOV,집에 도둑(강도)이 들어왔어요
10078,9,2017,정면,문장,KETI_SL_0000010078.MOV,집에 도둑(강도)이 들어왔어요
10288,10,2017,정면,문장,KETI_SL_0000010288.MOV,집에 도둑(강도)이 들어왔어요
8461,1,2017,정면,문장,KETI_SL_0000008461.MOV,집 벽이 무너질려고 해요
8671,2,2017,정면,문장,KETI_SL_0000008671.MTS,집 벽이 무너질려고 해요
8881,3,2017,정면,문장,KETI_SL_0000008881.MOV,집 벽이 무너질려고 해요
9091,4,2017,정면,문장,KETI_SL_0000009091.MOV,집 벽이 무너질려고 해요
9301,5,2017,정면,문장,KETI_SL_0000009301.MOV,집 벽이 무너질려고 해요
9511,6,2017,정면,문장,KETI_SL_0000009511.MOV,집 벽이 무너질려고 해요
9721,7,2017,정면,문장,KETI_SL_0000009721.MOV,집 벽이 무너질려고 해요
9931,8,2017,정면,문장,KETI_SL_0000009931.MOV,집 벽이 무너질려고 해요
10141,9,2017,정면,문장,KETI_SL_0000010141.MOV,집 벽이 무너질려고 해요
10351,10,2017,정면,문장,KETI_SL_0000010351.MOV,집 벽이 무너질려고 해요
8403,1,2017,정면,문장,KETI_SL_0000008403.MOV,지하철 역 안에서 화재가 발생했어요
8613,2,2017,정면,문장,KETI_SL_0000008613.MTS,지하철 역 안에서 화재가 발생했어요
8823,3,2017,정면,문장,KETI_SL_0000008823.MOV,지하철 역 안에서 화재가 발생했어요
9033,4,2017,정면,문장,KETI_SL_0000009033.MOV,지하철 역 안에서 화재가 발생했어요
9243,5,2017,정면,문장,KETI_SL_0000009243.MOV,지하철 역 안에서 화재가 발생했어요
9453,6,2017,정면,문장,KETI_SL_0000009453.MOV,지하철 역 안에서 화재가 발생했어요
9663,7,2017,정면,문장,KETI_SL_0000009663.MOV,지하철 역 안에서 화재가 발생했어요
9873,8,2017,정면,문장,KETI_SL_0000009873.MOV,지하철 역 안에서 화재가 발생했어요
10083,9,2017,정면,문장,KETI_SL_0000010083.MOV,지하철 역 안에서 화재가 발생했어요
10293,10,2017,정면,문장,KETI_SL_0000010293.MOV,지하철 역 안에서 화재가 발생했어요
8389,1,2017,정면,문장,KETI_SL_0000008389.MOV,주변 구조물이 무너져서 몸이 끼었어요 몸을 움직이지 못하겠어요
8599,2,2017,정면,문장,KETI_SL_0000008599.MTS,주변 구조물이 무너져서 몸이 끼었어요 몸을 움직이지 못하겠어요
8809,3,2017,정면,문장,KETI_SL_0000008809.MOV,주변 구조물이 무너져서 몸이 끼었어요 몸을 움직이지 못하겠어요
9019,4,2017,정면,문장,KETI_SL_0000009019.MOV,주변 구조물이 무너져서 몸이 끼었어요 몸을 움직이지 못하겠어요
9229,5,2017,정면,문장,KETI_SL_0000009229.MOV,주변 구조물이 무너져서 몸이 끼었어요 몸을 움직이지 못하겠어요
9439,6,2017,정면,문장,KETI_SL_0000009439.MOV,주변 구조물이 무너져서 몸이 끼었어요 몸을 움직이지 못하겠어요
9649,7,2017,정면,문장,KETI_SL_0000009649.MOV,주변 구조물이 무너져서 몸이 끼었어요 몸을 움직이지 못하겠어요
9859,8,2017,정면,문장,KETI_SL_0000009859.MOV,주변 구조물이 무너져서 몸이 끼었어요 몸을 움직이지 못하겠어요
10069,9,2017,정면,문장,KETI_SL_0000010069.MOV,주변 구조물이 무너져서 몸이 끼었어요 몸을 움직이지 못하겠어요
10279,10,2017,정면,문장,KETI_SL_0000010279.MOV,주변 구조물이 무너져서 몸이 끼었어요 몸을 움직이지 못하겠어요
8397,1,2017,정면,문장,KETI_SL_0000008397.MOV,이상한 사람이 저를 쫓아와요
8607,2,2017,정면,문장,KETI_SL_0000008607.MTS,이상한 사람이 저를 쫓아와요
8817,3,2017,정면,문장,KETI_SL_0000008817.MOV,이상한 사람이 저를 쫓아와요
9027,4,2017,정면,문장,KETI_SL_0000009027.MOV,이상한 사람이 저를 쫓아와요
9237,5,2017,정면,문장,KETI_SL_0000009237.MOV,이상한 사람이 저를 쫓아와요
9447,6,2017,정면,문장,KETI_SL_0000009447.MOV,이상한 사람이 저를 쫓아와요
9657,7,2017,정면,문장,KETI_SL_0000009657.MOV,이상한 사람이 저를 쫓아와요
9867,8,2017,정면,문장,KETI_SL_0000009867.MOV,이상한 사람이 저를 쫓아와요
10077,9,2017,정면,문장,KETI_SL_0000010077.MOV,이상한 사람이 저를 쫓아와요
10287,10,2017,정면,문장,KETI_SL_0000010287.MOV,이상한 사람이 저를 쫓아와요
8480,1,2017,정면,문장,KETI_SL_0000008480.MOV,음식을 하다가 손가락을 칼에 베였어요
8690,2,2017,정면,문장,KETI_SL_0000008690.MTS,음식을 하다가 손가락을 칼에 베였어요
8900,3,2017,정면,문장,KETI_SL_0000008900.MOV,음식을 하다가 손가락을 칼에 베였어요
9110,4,2017,정면,문장,KETI_SL_0000009110.MOV,음식을 하다가 손가락을 칼에 베였어요
9320,5,2017,정면,문장,KETI_SL_0000009320.MOV,음식을 하다가 손가락을 칼에 베였어요
9530,6,2017,정면,문장,KETI_SL_0000009530.MOV,음식을 하다가 손가락을 칼에 베였어요
9740,7,2017,정면,문장,KETI_SL_0000009740.MOV,음식을 하다가 손가락을 칼에 베였어요
9950,8,2017,정면,문장,KETI_SL_0000009950.MOV,음식을 하다가 손가락을 칼에 베였어요
10160,9,2017,정면,문장,KETI_SL_0000010160.MOV,음식을 하다가 손가락을 칼에 베였어요
10370,10,2017,정면,문장,KETI_SL_0000010370.MOV,음식을 하다가 손가락을 칼에 베였어요
8462,1,2017,정면,문장,KETI_SL_0000008462.MOV,유리가 깨져서 발을 다쳤어요
8672,2,2017,정면,문장,KETI_SL_0000008672.MTS,유리가 깨져서 발을 다쳤어요
8882,3,2017,정면,문장,KETI_SL_0000008882.MOV,유리가 깨져서 발을 다쳤어요
9092,4,2017,정면,문장,KETI_SL_0000009092.MOV,유리가 깨져서 발을 다쳤어요
9302,5,2017,정면,문장,KETI_SL_0000009302.MOV,유리가 깨져서 발을 다쳤어요
9512,6,2017,정면,문장,KETI_SL_0000009512.MOV,유리가 깨져서 발을 다쳤어요
9722,7,2017,정면,문장,KETI_SL_0000009722.MOV,유리가 깨져서 발을 다쳤어요
9932,8,2017,정면,문장,KETI_SL_0000009932.MOV,유리가 깨져서 발을 다쳤어요
10142,9,2017,정면,문장,KETI_SL_0000010142.MOV,유리가 깨져서 발을 다쳤어요
10352,10,2017,정면,문장,KETI_SL_0000010352.MOV,유리가 깨져서 발을 다쳤어요
8439,1,2017,정면,문장,KETI_SL_0000008439.MOV,윗집에 불이 났어요
8649,2,2017,정면,문장,KETI_SL_0000008649.MTS,윗집에 불이 났어요
8859,3,2017,정면,문장,KETI_SL_0000008859.MOV,윗집에 불이 났어요
9069,4,2017,정면,문장,KETI_SL_0000009069.MOV,윗집에 불이 났어요
9279,5,2017,정면,문장,KETI_SL_0000009279.MOV,윗집에 불이 났어요
9489,6,2017,정면,문장,KETI_SL_0000009489.MOV,윗집에 불이 났어요
9699,7,2017,정면,문장,KETI_SL_0000009699.MOV,윗집에 불이 났어요
9909,8,2017,정면,문장,KETI_SL_0000009909.MOV,윗집에 불이 났어요
10119,9,2017,정면,문장,KETI_SL_0000010119.MOV,윗집에 불이 났어요
10329,10,2017,정면,문장,KETI_SL_0000010329.MOV,윗집에 불이 났어요
8468,1,2017,정면,문장,KETI_SL_0000008468.MOV,우리아이가 갑자기 의식을 잃었어요
8678,2,2017,정면,문장,KETI_SL_0000008678.MTS,우리아이가 갑자기 의식을 잃었어요
8888,3,2017,정면,문장,KETI_SL_0000008888.MOV,우리아이가 갑자기 의식을 잃었어요
9098,4,2017,정면,문장,KETI_SL_0000009098.MOV,우리아이가 갑자기 의식을 잃었어요
9308,5,2017,정면,문장,KETI_SL_0000009308.MOV,우리아이가 갑자기 의식을 잃었어요
9518,6,2017,정면,문장,KETI_SL_0000009518.MOV,우리아이가 갑자기 의식을 잃었어요
9728,7,2017,정면,문장,KETI_SL_0000009728.MOV,우리아이가 갑자기 의식을 잃었어요
9938,8,2017,정면,문장,KETI_SL_0000009938.MOV,우리아이가 갑자기 의식을 잃었어요
10148,9,2017,정면,문장,KETI_SL_0000010148.MOV,우리아이가 갑자기 의식을 잃었어요
10358,10,2017,정면,문장,KETI_SL_0000010358.MOV,우리아이가 갑자기 의식을 잃었어요
8438,1,2017,정면,문장,KETI_SL_0000008438.MOV,우리 집에 불이 났어요
8648,2,2017,정면,문장,KETI_SL_0000008648.MTS,우리 집에 불이 났어요
8858,3,2017,정면,문장,KETI_SL_0000008858.MOV,우리 집에 불이 났어요
9068,4,2017,정면,문장,KETI_SL_0000009068.MOV,우리 집에 불이 났어요
9278,5,2017,정면,문장,KETI_SL_0000009278.MOV,우리 집에 불이 났어요
9488,6,2017,정면,문장,KETI_SL_0000009488.MOV,우리 집에 불이 났어요
9698,7,2017,정면,문장,KETI_SL_0000009698.MOV,우리 집에 불이 났어요
9908,8,2017,정면,문장,KETI_SL_0000009908.MOV,우리 집에 불이 났어요
10118,9,2017,정면,문장,KETI_SL_0000010118.MOV,우리 집에 불이 났어요
10328,10,2017,정면,문장,KETI_SL_0000010328.MOV,우리 집에 불이 났어요
8440,1,2017,정면,문장,KETI_SL_0000008440.MOV,옆집에 불이 났어요
8650,2,2017,정면,문장,KETI_SL_0000008650.MTS,옆집에 불이 났어요
8860,3,2017,정면,문장,KETI_SL_0000008860.MOV,옆집에 불이 났어요
9070,4,2017,정면,문장,KETI_SL_0000009070.MOV,옆집에 불이 났어요
9280,5,2017,정면,문장,KETI_SL_0000009280.MOV,옆집에 불이 났어요
9490,6,2017,정면,문장,KETI_SL_0000009490.MOV,옆집에 불이 났어요
9700,7,2017,정면,문장,KETI_SL_0000009700.MOV,옆집에 불이 났어요
9910,8,2017,정면,문장,KETI_SL_0000009910.MOV,옆집에 불이 났어요
10120,9,2017,정면,문장,KETI_SL_0000010120.MOV,옆집에 불이 났어요
10330,10,2017,정면,문장,KETI_SL_0000010330.MOV,옆집에 불이 났어요
8383,1,2017,정면,문장,KETI_SL_0000008383.MOV,여기 서대문구 홍제동 한양아파트인데 옥상에서 사람이 떨어지려고해요
8593,2,2017,정면,문장,KETI_SL_0000008593.MTS,여기 서대문구 홍제동 한양아파트인데 옥상에서 사람이 떨어지려고해요
8803,3,2017,정면,문장,KETI_SL_0000008803.MOV,여기 서대문구 홍제동 한양아파트인데 옥상에서 사람이 떨어지려고해요
9013,4,2017,정면,문장,KETI_SL_0000009013.MOV,여기 서대문구 홍제동 한양아파트인데 옥상에서 사람이 떨어지려고해요
9223,5,2017,정면,문장,KETI_SL_0000009223.MOV,여기 서대문구 홍제동 한양아파트인데 옥상에서 사람이 떨어지려고해요
9433,6,2017,정면,문장,KETI_SL_0000009433.MOV,여기 서대문구 홍제동 한양아파트인데 옥상에서 사람이 떨어지려고해요
9643,7,2017,정면,문장,KETI_SL_0000009643.MOV,여기 서대문구 홍제동 한양아파트인데 옥상에서 사람이 떨어지려고해요
9853,8,2017,정면,문장,KETI_SL_0000009853.MOV,여기 서대문구 홍제동 한양아파트인데 옥상에서 사람이 떨어지려고해요
10063,9,2017,정면,문장,KETI_SL_0000010063.MOV,여기 서대문구 홍제동 한양아파트인데 옥상에서 사람이 떨어지려고해요
10273,10,2017,정면,문장,KETI_SL_0000010273.MOV,여기 서대문구 홍제동 한양아파트인데 옥상에서 사람이 떨어지려고해요
8442,1,2017,정면,문장,KETI_SL_0000008442.MOV,엘리베이터가 갑자기 중간에 멈췄어요
8652,2,2017,정면,문장,KETI_SL_0000008652.MTS,엘리베이터가 갑자기 중간에 멈췄어요
8862,3,2017,정면,문장,KETI_SL_0000008862.MOV,엘리베이터가 갑자기 중간에 멈췄어요
9072,4,2017,정면,문장,KETI_SL_0000009072.MOV,엘리베이터가 갑자기 중간에 멈췄어요
9282,5,2017,정면,문장,KETI_SL_0000009282.MOV,엘리베이터가 갑자기 중간에 멈췄어요
9492,6,2017,정면,문장,KETI_SL_0000009492.MOV,엘리베이터가 갑자기 중간에 멈췄어요
9702,7,2017,정면,문장,KETI_SL_0000009702.MOV,엘리베이터가 갑자기 중간에 멈췄어요
9912,8,2017,정면,문장,KETI_SL_0000009912.MOV,엘리베이터가 갑자기 중간에 멈췄어요
10122,9,2017,정면,문장,KETI_SL_0000010122.MOV,엘리베이터가 갑자기 중간에 멈췄어요
10332,10,2017,정면,문장,KETI_SL_0000010332.MOV,엘리베이터가 갑자기 중간에 멈췄어요
8485,1,2017,정면,문장,KETI_SL_0000008485.MOV,엄마가 신장병에 있는데 쓰러지셨어요
8695,2,2017,정면,문장,KETI_SL_0000008695.MTS,엄마가 신장병에 있는데 쓰러지셨어요
8905,3,2017,정면,문장,KETI_SL_0000008905.MOV,엄마가 신장병에 있는데 쓰러지셨어요
9115,4,2017,정면,문장,KETI_SL_0000009115.MOV,엄마가 신장병에 있는데 쓰러지셨어요
9325,5,2017,정면,문장,KETI_SL_0000009325.MOV,엄마가 신장병에 있는데 쓰러지셨어요
9535,6,2017,정면,문장,KETI_SL_0000009535.MOV,엄마가 신장병에 있는데 쓰러지셨어요
9745,7,2017,정면,문장,KETI_SL_0000009745.MOV,엄마가 신장병에 있는데 쓰러지셨어요
9955,8,2017,정면,문장,KETI_SL_0000009955.MOV,엄마가 신장병에 있는데 쓰러지셨어요
10165,9,2017,정면,문장,KETI_SL_0000010165.MOV,엄마가 신장병에 있는데 쓰러지셨어요
10375,10,2017,정면,문장,KETI_SL_0000010375.MOV,엄마가 신장병에 있는데 쓰러지셨어요
8470,1,2017,정면,문장,KETI_SL_0000008470.MOV,어지러워서 서있을 수 없어요
8680,2,2017,정면,문장,KETI_SL_0000008680.MTS,어지러워서 서있을 수 없어요
8890,3,2017,정면,문장,KETI_SL_0000008890.MOV,어지러워서 서있을 수 없어요
9100,4,2017,정면,문장,KETI_SL_0000009100.MOV,어지러워서 서있을 수 없어요
9310,5,2017,정면,문장,KETI_SL_0000009310.MOV,어지러워서 서있을 수 없어요
9520,6,2017,정면,문장,KETI_SL_0000009520.MOV,어지러워서 서있을 수 없어요
9730,7,2017,정면,문장,KETI_SL_0000009730.MOV,어지러워서 서있을 수 없어요
9940,8,2017,정면,문장,KETI_SL_0000009940.MOV,어지러워서 서있을 수 없어요
10150,9,2017,정면,문장,KETI_SL_0000010150.MOV,어지러워서 서있을 수 없어요
10360,10,2017,정면,문장,KETI_SL_0000010360.MOV,어지러워서 서있을 수 없어요
8410,1,2017,정면,문장,KETI_SL_0000008410.MOV,어떤 사람한테 납치당했어요
8620,2,2017,정면,문장,KETI_SL_0000008620.MTS,어떤 사람한테 납치당했어요
8830,3,2017,정면,문장,KETI_SL_0000008830.MOV,어떤 사람한테 납치당했어요
9040,4,2017,정면,문장,KETI_SL_0000009040.MOV,어떤 사람한테 납치당했어요
9250,5,2017,정면,문장,KETI_SL_0000009250.MOV,어떤 사람한테 납치당했어요
9460,6,2017,정면,문장,KETI_SL_0000009460.MOV,어떤 사람한테 납치당했어요
9670,7,2017,정면,문장,KETI_SL_0000009670.MOV,어떤 사람한테 납치당했어요
9880,8,2017,정면,문장,KETI_SL_0000009880.MOV,어떤 사람한테 납치당했어요
10090,9,2017,정면,문장,KETI_SL_0000010090.MOV,어떤 사람한테 납치당했어요
10300,10,2017,정면,문장,KETI_SL_0000010300.MOV,어떤 사람한테 납치당했어요
8482,1,2017,정면,문장,KETI_SL_0000008482.MOV,어떤 사람이 칼에 찔려서 피를 많이 흘리고 있어요
8692,2,2017,정면,문장,KETI_SL_0000008692.MTS,어떤 사람이 칼에 찔려서 피를 많이 흘리고 있어요
8902,3,2017,정면,문장,KETI_SL_0000008902.MOV,어떤 사람이 칼에 찔려서 피를 많이 흘리고 있어요
9112,4,2017,정면,문장,KETI_SL_0000009112.MOV,어떤 사람이 칼에 찔려서 피를 많이 흘리고 있어요
9322,5,2017,정면,문장,KETI_SL_0000009322.MOV,어떤 사람이 칼에 찔려서 피를 많이 흘리고 있어요
9532,6,2017,정면,문장,KETI_SL_0000009532.MOV,어떤 사람이 칼에 찔려서 피를 많이 흘리고 있어요
9742,7,2017,정면,문장,KETI_SL_0000009742.MOV,어떤 사람이 칼에 찔려서 피를 많이 흘리고 있어요
9952,8,2017,정면,문장,KETI_SL_0000009952.MOV,어떤 사람이 칼에 찔려서 피를 많이 흘리고 있어요
10162,9,2017,정면,문장,KETI_SL_0000010162.MOV,어떤 사람이 칼에 찔려서 피를 많이 흘리고 있어요
10372,10,2017,정면,문장,KETI_SL_0000010372.MOV,어떤 사람이 칼에 찔려서 피를 많이 흘리고 있어요
8387,1,2017,정면,문장,KETI_SL_0000008387.MOV,어떤 사람이 칼로 위협하고 있어요
8597,2,2017,정면,문장,KETI_SL_0000008597.MTS,어떤 사람이 칼로 위협하고 있어요
8807,3,2017,정면,문장,KETI_SL_0000008807.MOV,어떤 사람이 칼로 위협하고 있어요
9017,4,2017,정면,문장,KETI_SL_0000009017.MOV,어떤 사람이 칼로 위협하고 있어요
9227,5,2017,정면,문장,KETI_SL_0000009227.MOV,어떤 사람이 칼로 위협하고 있어요
9437,6,2017,정면,문장,KETI_SL_0000009437.MOV,어떤 사람이 칼로 위협하고 있어요
9647,7,2017,정면,문장,KETI_SL_0000009647.MOV,어떤 사람이 칼로 위협하고 있어요
9857,8,2017,정면,문장,KETI_SL_0000009857.MOV,어떤 사람이 칼로 위협하고 있어요
10067,9,2017,정면,문장,KETI_SL_0000010067.MOV,어떤 사람이 칼로 위협하고 있어요
10277,10,2017,정면,문장,KETI_SL_0000010277.MOV,어떤 사람이 칼로 위협하고 있어요
8400,1,2017,정면,문장,KETI_SL_0000008400.MOV,어떤 사람이 집단폭력을 당하고 있어요
8610,2,2017,정면,문장,KETI_SL_0000008610.MTS,어떤 사람이 집단폭력을 당하고 있어요
8820,3,2017,정면,문장,KETI_SL_0000008820.MOV,어떤 사람이 집단폭력을 당하고 있어요
9030,4,2017,정면,문장,KETI_SL_0000009030.MOV,어떤 사람이 집단폭력을 당하고 있어요
9240,5,2017,정면,문장,KETI_SL_0000009240.MOV,어떤 사람이 집단폭력을 당하고 있어요
9450,6,2017,정면,문장,KETI_SL_0000009450.MOV,어떤 사람이 집단폭력을 당하고 있어요
9660,7,2017,정면,문장,KETI_SL_0000009660.MOV,어떤 사람이 집단폭력을 당하고 있어요
9870,8,2017,정면,문장,KETI_SL_0000009870.MOV,어떤 사람이 집단폭력을 당하고 있어요
10080,9,2017,정면,문장,KETI_SL_0000010080.MOV,어떤 사람이 집단폭력을 당하고 있어요
10290,10,2017,정면,문장,KETI_SL_0000010290.MOV,어떤 사람이 집단폭력을 당하고 있어요
8435,1,2017,정면,문장,KETI_SL_0000008435.MOV,어떤 사람이 저를 죽이려고 해요
8645,2,2017,정면,문장,KETI_SL_0000008645.MTS,어떤 사람이 저를 죽이려고 해요
8855,3,2017,정면,문장,KETI_SL_0000008855.MOV,어떤 사람이 저를 죽이려고 해요
9065,4,2017,정면,문장,KETI_SL_0000009065.MOV,어떤 사람이 저를 죽이려고 해요
9275,5,2017,정면,문장,KETI_SL_0000009275.MOV,어떤 사람이 저를 죽이려고 해요
9485,6,2017,정면,문장,KETI_SL_0000009485.MOV,어떤 사람이 저를 죽이려고 해요
9695,7,2017,정면,문장,KETI_SL_0000009695.MOV,어떤 사람이 저를 죽이려고 해요
9905,8,2017,정면,문장,KETI_SL_0000009905.MOV,어떤 사람이 저를 죽이려고 해요
10115,9,2017,정면,문장,KETI_SL_0000010115.MOV,어떤 사람이 저를 죽이려고 해요
10325,10,2017,정면,문장,KETI_SL_0000010325.MOV,어떤 사람이 저를 죽이려고 해요
8453,1,2017,정면,문장,KETI_SL_0000008453.MOV,어떤 사람이 자살을 시도하고 있어요
8663,2,2017,정면,문장,KETI_SL_0000008663.MTS,어떤 사람이 자살을 시도하고 있어요
8873,3,2017,정면,문장,KETI_SL_0000008873.MOV,어떤 사람이 자살을 시도하고 있어요
9083,4,2017,정면,문장,KETI_SL_0000009083.MOV,어떤 사람이 자살을 시도하고 있어요
9293,5,2017,정면,문장,KETI_SL_0000009293.MOV,어떤 사람이 자살을 시도하고 있어요
9503,6,2017,정면,문장,KETI_SL_0000009503.MOV,어떤 사람이 자살을 시도하고 있어요
9713,7,2017,정면,문장,KETI_SL_0000009713.MOV,어떤 사람이 자살을 시도하고 있어요
9923,8,2017,정면,문장,KETI_SL_0000009923.MOV,어떤 사람이 자살을 시도하고 있어요
10133,9,2017,정면,문장,KETI_SL_0000010133.MOV,어떤 사람이 자살을 시도하고 있어요
10343,10,2017,정면,문장,KETI_SL_0000010343.MOV,어떤 사람이 자살을 시도하고 있어요
8428,1,2017,정면,문장,KETI_SL_0000008428.MOV,어떤 사람이 벼락을 맞았어요
8638,2,2017,정면,문장,KETI_SL_0000008638.MTS,어떤 사람이 벼락을 맞았어요
8848,3,2017,정면,문장,KETI_SL_0000008848.MOV,어떤 사람이 벼락을 맞았어요
9058,4,2017,정면,문장,KETI_SL_0000009058.MOV,어떤 사람이 벼락을 맞았어요
9268,5,2017,정면,문장,KETI_SL_0000009268.MOV,어떤 사람이 벼락을 맞았어요
9478,6,2017,정면,문장,KETI_SL_0000009478.MOV,어떤 사람이 벼락을 맞았어요
9688,7,2017,정면,문장,KETI_SL_0000009688.MOV,어떤 사람이 벼락을 맞았어요
9898,8,2017,정면,문장,KETI_SL_0000009898.MOV,어떤 사람이 벼락을 맞았어요
10108,9,2017,정면,문장,KETI_SL_0000010108.MOV,어떤 사람이 벼락을 맞았어요
10318,10,2017,정면,문장,KETI_SL_0000010318.MOV,어떤 사람이 벼락을 맞았어요
8464,1,2017,정면,문장,KETI_SL_0000008464.MOV,어떤 사람이 바다에 빠졌어요
8674,2,2017,정면,문장,KETI_SL_0000008674.MTS,어떤 사람이 바다에 빠졌어요
8884,3,2017,정면,문장,KETI_SL_0000008884.MOV,어떤 사람이 바다에 빠졌어요
9094,4,2017,정면,문장,KETI_SL_0000009094.MOV,어떤 사람이 바다에 빠졌어요
9304,5,2017,정면,문장,KETI_SL_0000009304.MOV,어떤 사람이 바다에 빠졌어요
9514,6,2017,정면,문장,KETI_SL_0000009514.MOV,어떤 사람이 바다에 빠졌어요
9724,7,2017,정면,문장,KETI_SL_0000009724.MOV,어떤 사람이 바다에 빠졌어요
9934,8,2017,정면,문장,KETI_SL_0000009934.MOV,어떤 사람이 바다에 빠졌어요
10144,9,2017,정면,문장,KETI_SL_0000010144.MOV,어떤 사람이 바다에 빠졌어요
10354,10,2017,정면,문장,KETI_SL_0000010354.MOV,어떤 사람이 바다에 빠졌어요
8401,1,2017,정면,문장,KETI_SL_0000008401.MOV,어떤 사람이 무기 흉기를 소지하고 있어요
8611,2,2017,정면,문장,KETI_SL_0000008611.MTS,어떤 사람이 무기 흉기를 소지하고 있어요
8821,3,2017,정면,문장,KETI_SL_0000008821.MOV,어떤 사람이 무기 흉기를 소지하고 있어요
9031,4,2017,정면,문장,KETI_SL_0000009031.MOV,어떤 사람이 무기 흉기를 소지하고 있어요
9241,5,2017,정면,문장,KETI_SL_0000009241.MOV,어떤 사람이 무기 흉기를 소지하고 있어요
9451,6,2017,정면,문장,KETI_SL_0000009451.MOV,어떤 사람이 무기 흉기를 소지하고 있어요
9661,7,2017,정면,문장,KETI_SL_0000009661.MOV,어떤 사람이 무기 흉기를 소지하고 있어요
9871,8,2017,정면,문장,KETI_SL_0000009871.MOV,어떤 사람이 무기 흉기를 소지하고 있어요
10081,9,2017,정면,문장,KETI_SL_0000010081.MOV,어떤 사람이 무기 흉기를 소지하고 있어요
10291,10,2017,정면,문장,KETI_SL_0000010291.MOV,어떤 사람이 무기 흉기를 소지하고 있어요
8419,1,2017,정면,문장,KETI_SL_0000008419.MOV,어떤 사람이 길거리에서 피를 많이 흘리고 있어요
8629,2,2017,정면,문장,KETI_SL_0000008629.MTS,어떤 사람이 길거리에서 피를 많이 흘리고 있어요
8839,3,2017,정면,문장,KETI_SL_0000008839.MOV,어떤 사람이 길거리에서 피를 많이 흘리고 있어요
9049,4,2017,정면,문장,KETI_SL_0000009049.MOV,어떤 사람이 길거리에서 피를 많이 흘리고 있어요
9259,5,2017,정면,문장,KETI_SL_0000009259.MOV,어떤 사람이 길거리에서 피를 많이 흘리고 있어요
9469,6,2017,정면,문장,KETI_SL_0000009469.MOV,어떤 사람이 길거리에서 피를 많이 흘리고 있어요
9679,7,2017,정면,문장,KETI_SL_0000009679.MOV,어떤 사람이 길거리에서 피를 많이 흘리고 있어요
9889,8,2017,정면,문장,KETI_SL_0000009889.MOV,어떤 사람이 길거리에서 피를 많이 흘리고 있어요
10099,9,2017,정면,문장,KETI_SL_0000010099.MOV,어떤 사람이 길거리에서 피를 많이 흘리고 있어요
10309,10,2017,정면,문장,KETI_SL_0000010309.MOV,어떤 사람이 길거리에서 피를 많이 흘리고 있어요
8409,1,2017,정면,문장,KETI_SL_0000008409.MOV,어떤 사람이 교통사고를 당했어요
8619,2,2017,정면,문장,KETI_SL_0000008619.MTS,어떤 사람이 교통사고를 당했어요
8829,3,2017,정면,문장,KETI_SL_0000008829.MOV,어떤 사람이 교통사고를 당했어요
9039,4,2017,정면,문장,KETI_SL_0000009039.MOV,어떤 사람이 교통사고를 당했어요
9249,5,2017,정면,문장,KETI_SL_0000009249.MOV,어떤 사람이 교통사고를 당했어요
9459,6,2017,정면,문장,KETI_SL_0000009459.MOV,어떤 사람이 교통사고를 당했어요
9669,7,2017,정면,문장,KETI_SL_0000009669.MOV,어떤 사람이 교통사고를 당했어요
9879,8,2017,정면,문장,KETI_SL_0000009879.MOV,어떤 사람이 교통사고를 당했어요
10089,9,2017,정면,문장,KETI_SL_0000010089.MOV,어떤 사람이 교통사고를 당했어요
10299,10,2017,정면,문장,KETI_SL_0000010299.MOV,어떤 사람이 교통사고를 당했어요
8413,1,2017,정면,문장,KETI_SL_0000008413.MOV,어떤 사람이 건물에서 추락했어요
8623,2,2017,정면,문장,KETI_SL_0000008623.MTS,어떤 사람이 건물에서 추락했어요
8833,3,2017,정면,문장,KETI_SL_0000008833.MOV,어떤 사람이 건물에서 추락했어요
9043,4,2017,정면,문장,KETI_SL_0000009043.MOV,어떤 사람이 건물에서 추락했어요
9253,5,2017,정면,문장,KETI_SL_0000009253.MOV,어떤 사람이 건물에서 추락했어요
9463,6,2017,정면,문장,KETI_SL_0000009463.MOV,어떤 사람이 건물에서 추락했어요
9673,7,2017,정면,문장,KETI_SL_0000009673.MOV,어떤 사람이 건물에서 추락했어요
9883,8,2017,정면,문장,KETI_SL_0000009883.MOV,어떤 사람이 건물에서 추락했어요
10093,9,2017,정면,문장,KETI_SL_0000010093.MOV,어떤 사람이 건물에서 추락했어요
10303,10,2017,정면,문장,KETI_SL_0000010303.MOV,어떤 사람이 건물에서 추락했어요
8416,1,2017,정면,문장,KETI_SL_0000008416.MOV,어디선가 연기가 나요 불이 나고 있는 것 같아요
8626,2,2017,정면,문장,KETI_SL_0000008626.MTS,어디선가 연기가 나요 불이 나고 있는 것 같아요
8836,3,2017,정면,문장,KETI_SL_0000008836.MOV,어디선가 연기가 나요 불이 나고 있는 것 같아요
9046,4,2017,정면,문장,KETI_SL_0000009046.MOV,어디선가 연기가 나요 불이 나고 있는 것 같아요
9256,5,2017,정면,문장,KETI_SL_0000009256.MOV,어디선가 연기가 나요 불이 나고 있는 것 같아요
9466,6,2017,정면,문장,KETI_SL_0000009466.MOV,어디선가 연기가 나요 불이 나고 있는 것 같아요
9676,7,2017,정면,문장,KETI_SL_0000009676.MOV,어디선가 연기가 나요 불이 나고 있는 것 같아요
9886,8,2017,정면,문장,KETI_SL_0000009886.MOV,어디선가 연기가 나요 불이 나고 있는 것 같아요
10096,9,2017,정면,문장,KETI_SL_0000010096.MOV,어디선가 연기가 나요 불이 나고 있는 것 같아요
10306,10,2017,정면,문장,KETI_SL_0000010306.MOV,어디선가 연기가 나요 불이 나고 있는 것 같아요
8456,1,2017,정면,문장,KETI_SL_0000008456.MOV,아파서 못 참을것 같아요
8666,2,2017,정면,문장,KETI_SL_0000008666.MTS,아파서 못 참을것 같아요
8876,3,2017,정면,문장,KETI_SL_0000008876.MOV,아파서 못 참을것 같아요
9086,4,2017,정면,문장,KETI_SL_0000009086.MOV,아파서 못 참을것 같아요
9296,5,2017,정면,문장,KETI_SL_0000009296.MOV,아파서 못 참을것 같아요
9506,6,2017,정면,문장,KETI_SL_0000009506.MOV,아파서 못 참을것 같아요
9716,7,2017,정면,문장,KETI_SL_0000009716.MOV,아파서 못 참을것 같아요
9926,8,2017,정면,문장,KETI_SL_0000009926.MOV,아파서 못 참을것 같아요
10136,9,2017,정면,문장,KETI_SL_0000010136.MOV,아파서 못 참을것 같아요
10346,10,2017,정면,문장,KETI_SL_0000010346.MOV,아파서 못 참을것 같아요
8451,1,2017,정면,문장,KETI_SL_0000008451.MOV,아이를 모르는 사람이 데려갔어요
8661,2,2017,정면,문장,KETI_SL_0000008661.MTS,아이를 모르는 사람이 데려갔어요
8871,3,2017,정면,문장,KETI_SL_0000008871.MOV,아이를 모르는 사람이 데려갔어요
9081,4,2017,정면,문장,KETI_SL_0000009081.MOV,아이를 모르는 사람이 데려갔어요
9291,5,2017,정면,문장,KETI_SL_0000009291.MOV,아이를 모르는 사람이 데려갔어요
9501,6,2017,정면,문장,KETI_SL_0000009501.MOV,아이를 모르는 사람이 데려갔어요
9711,7,2017,정면,문장,KETI_SL_0000009711.MOV,아이를 모르는 사람이 데려갔어요
9921,8,2017,정면,문장,KETI_SL_0000009921.MOV,아이를 모르는 사람이 데려갔어요
10131,9,2017,정면,문장,KETI_SL_0000010131.MOV,아이를 모르는 사람이 데려갔어요
10341,10,2017,정면,문장,KETI_SL_0000010341.MOV,아이를 모르는 사람이 데려갔어요
8450,1,2017,정면,문장,KETI_SL_0000008450.MOV,아이를 공원에서 잃어버렸어요
8660,2,2017,정면,문장,KETI_SL_0000008660.MTS,아이를 공원에서 잃어버렸어요
8870,3,2017,정면,문장,KETI_SL_0000008870.MOV,아이를 공원에서 잃어버렸어요
9080,4,2017,정면,문장,KETI_SL_0000009080.MOV,아이를 공원에서 잃어버렸어요
9290,5,2017,정면,문장,KETI_SL_0000009290.MOV,아이를 공원에서 잃어버렸어요
9500,6,2017,정면,문장,KETI_SL_0000009500.MOV,아이를 공원에서 잃어버렸어요
9710,7,2017,정면,문장,KETI_SL_0000009710.MOV,아이를 공원에서 잃어버렸어요
9920,8,2017,정면,문장,KETI_SL_0000009920.MOV,아이를 공원에서 잃어버렸어요
10130,9,2017,정면,문장,KETI_SL_0000010130.MOV,아이를 공원에서 잃어버렸어요
10340,10,2017,정면,문장,KETI_SL_0000010340.MOV,아이를 공원에서 잃어버렸어요
8454,1,2017,정면,문장,KETI_SL_0000008454.MOV,아이가 장난감을 삼켰어요
8664,2,2017,정면,문장,KETI_SL_0000008664.MTS,아이가 장난감을 삼켰어요
8874,3,2017,정면,문장,KETI_SL_0000008874.MOV,아이가 장난감을 삼켰어요
9084,4,2017,정면,문장,KETI_SL_0000009084.MOV,아이가 장난감을 삼켰어요
9294,5,2017,정면,문장,KETI_SL_0000009294.MOV,아이가 장난감을 삼켰어요
9504,6,2017,정면,문장,KETI_SL_0000009504.MOV,아이가 장난감을 삼켰어요
9714,7,2017,정면,문장,KETI_SL_0000009714.MOV,아이가 장난감을 삼켰어요
9924,8,2017,정면,문장,KETI_SL_0000009924.MOV,아이가 장난감을 삼켰어요
10134,9,2017,정면,문장,KETI_SL_0000010134.MOV,아이가 장난감을 삼켰어요
10344,10,2017,정면,문장,KETI_SL_0000010344.MOV,아이가 장난감을 삼켰어요
8458,1,2017,정면,문장,KETI_SL_0000008458.MOV,아이가 방에 갇혔어요
8668,2,2017,정면,문장,KETI_SL_0000008668.MTS,아이가 방에 갇혔어요
8878,3,2017,정면,문장,KETI_SL_0000008878.MOV,아이가 방에 갇혔어요
9088,4,2017,정면,문장,KETI_SL_0000009088.MOV,아이가 방에 갇혔어요
9298,5,2017,정면,문장,KETI_SL_0000009298.MOV,아이가 방에 갇혔어요
9508,6,2017,정면,문장,KETI_SL_0000009508.MOV,아이가 방에 갇혔어요
9718,7,2017,정면,문장,KETI_SL_0000009718.MOV,아이가 방에 갇혔어요
9928,8,2017,정면,문장,KETI_SL_0000009928.MOV,아이가 방에 갇혔어요
10138,9,2017,정면,문장,KETI_SL_0000010138.MOV,아이가 방에 갇혔어요
10348,10,2017,정면,문장,KETI_SL_0000010348.MOV,아이가 방에 갇혔어요
8483,1,2017,정면,문장,KETI_SL_0000008483.MOV,아이가 말벌에 쏘여서 기절했어요
8693,2,2017,정면,문장,KETI_SL_0000008693.MTS,아이가 말벌에 쏘여서 기절했어요
8903,3,2017,정면,문장,KETI_SL_0000008903.MOV,아이가 말벌에 쏘여서 기절했어요
9113,4,2017,정면,문장,KETI_SL_0000009113.MOV,아이가 말벌에 쏘여서 기절했어요
9323,5,2017,정면,문장,KETI_SL_0000009323.MOV,아이가 말벌에 쏘여서 기절했어요
9533,6,2017,정면,문장,KETI_SL_0000009533.MOV,아이가 말벌에 쏘여서 기절했어요
9743,7,2017,정면,문장,KETI_SL_0000009743.MOV,아이가 말벌에 쏘여서 기절했어요
9953,8,2017,정면,문장,KETI_SL_0000009953.MOV,아이가 말벌에 쏘여서 기절했어요
10163,9,2017,정면,문장,KETI_SL_0000010163.MOV,아이가 말벌에 쏘여서 기절했어요
10373,10,2017,정면,문장,KETI_SL_0000010373.MOV,아이가 말벌에 쏘여서 기절했어요
8452,1,2017,정면,문장,KETI_SL_0000008452.MOV,아이가 독극물을 삼켰어요
8662,2,2017,정면,문장,KETI_SL_0000008662.MTS,아이가 독극물을 삼켰어요
8872,3,2017,정면,문장,KETI_SL_0000008872.MOV,아이가 독극물을 삼켰어요
9082,4,2017,정면,문장,KETI_SL_0000009082.MOV,아이가 독극물을 삼켰어요
9292,5,2017,정면,문장,KETI_SL_0000009292.MOV,아이가 독극물을 삼켰어요
9502,6,2017,정면,문장,KETI_SL_0000009502.MOV,아이가 독극물을 삼켰어요
9712,7,2017,정면,문장,KETI_SL_0000009712.MOV,아이가 독극물을 삼켰어요
9922,8,2017,정면,문장,KETI_SL_0000009922.MOV,아이가 독극물을 삼켰어요
10132,9,2017,정면,문장,KETI_SL_0000010132.MOV,아이가 독극물을 삼켰어요
10342,10,2017,정면,문장,KETI_SL_0000010342.MOV,아이가 독극물을 삼켰어요
8441,1,2017,정면,문장,KETI_SL_0000008441.MOV,아랫집에 불이 났어요
8651,2,2017,정면,문장,KETI_SL_0000008651.MTS,아랫집에 불이 났어요
8861,3,2017,정면,문장,KETI_SL_0000008861.MOV,아랫집에 불이 났어요
9071,4,2017,정면,문장,KETI_SL_0000009071.MOV,아랫집에 불이 났어요
9281,5,2017,정면,문장,KETI_SL_0000009281.MOV,아랫집에 불이 났어요
9491,6,2017,정면,문장,KETI_SL_0000009491.MOV,아랫집에 불이 났어요
9701,7,2017,정면,문장,KETI_SL_0000009701.MOV,아랫집에 불이 났어요
9911,8,2017,정면,문장,KETI_SL_0000009911.MOV,아랫집에 불이 났어요
10121,9,2017,정면,문장,KETI_SL_0000010121.MOV,아랫집에 불이 났어요
10331,10,2017,정면,문장,KETI_SL_0000010331.MOV,아랫집에 불이 났어요
8477,1,2017,정면,문장,KETI_SL_0000008477.MOV,아들이 놀이터에서 놀다가 팔이 부러졌어요
8687,2,2017,정면,문장,KETI_SL_0000008687.MTS,아들이 놀이터에서 놀다가 팔이 부러졌어요
8897,3,2017,정면,문장,KETI_SL_0000008897.MOV,아들이 놀이터에서 놀다가 팔이 부러졌어요
9107,4,2017,정면,문장,KETI_SL_0000009107.MOV,아들이 놀이터에서 놀다가 팔이 부러졌어요
9317,5,2017,정면,문장,KETI_SL_0000009317.MOV,아들이 놀이터에서 놀다가 팔이 부러졌어요
9527,6,2017,정면,문장,KETI_SL_0000009527.MOV,아들이 놀이터에서 놀다가 팔이 부러졌어요
9737,7,2017,정면,문장,KETI_SL_0000009737.MOV,아들이 놀이터에서 놀다가 팔이 부러졌어요
9947,8,2017,정면,문장,KETI_SL_0000009947.MOV,아들이 놀이터에서 놀다가 팔이 부러졌어요
10157,9,2017,정면,문장,KETI_SL_0000010157.MOV,아들이 놀이터에서 놀다가 팔이 부러졌어요
10367,10,2017,정면,문장,KETI_SL_0000010367.MOV,아들이 놀이터에서 놀다가 팔이 부러졌어요
8476,1,2017,정면,문장,KETI_SL_0000008476.MOV,아내가 쓰러졌어요
8686,2,2017,정면,문장,KETI_SL_0000008686.MTS,아내가 쓰러졌어요
8896,3,2017,정면,문장,KETI_SL_0000008896.MOV,아내가 쓰러졌어요
9106,4,2017,정면,문장,KETI_SL_0000009106.MOV,아내가 쓰러졌어요
9316,5,2017,정면,문장,KETI_SL_0000009316.MOV,아내가 쓰러졌어요
9526,6,2017,정면,문장,KETI_SL_0000009526.MOV,아내가 쓰러졌어요
9736,7,2017,정면,문장,KETI_SL_0000009736.MOV,아내가 쓰러졌어요
9946,8,2017,정면,문장,KETI_SL_0000009946.MOV,아내가 쓰러졌어요
10156,9,2017,정면,문장,KETI_SL_0000010156.MOV,아내가 쓰러졌어요
10366,10,2017,정면,문장,KETI_SL_0000010366.MOV,아내가 쓰러졌어요
8447,1,2017,정면,문장,KETI_SL_0000008447.MOV,아기를 낳을것 같아요
8657,2,2017,정면,문장,KETI_SL_0000008657.MTS,아기를 낳을것 같아요
8867,3,2017,정면,문장,KETI_SL_0000008867.MOV,아기를 낳을것 같아요
9077,4,2017,정면,문장,KETI_SL_0000009077.MOV,아기를 낳을것 같아요
9287,5,2017,정면,문장,KETI_SL_0000009287.MOV,아기를 낳을것 같아요
9497,6,2017,정면,문장,KETI_SL_0000009497.MOV,아기를 낳을것 같아요
9707,7,2017,정면,문장,KETI_SL_0000009707.MOV,아기를 낳을것 같아요
9917,8,2017,정면,문장,KETI_SL_0000009917.MOV,아기를 낳을것 같아요
10127,9,2017,정면,문장,KETI_SL_0000010127.MOV,아기를 낳을것 같아요
10337,10,2017,정면,문장,KETI_SL_0000010337.MOV,아기를 낳을것 같아요
8394,1,2017,정면,문장,KETI_SL_0000008394.MOV,아기가 장난감을 삼켰어요
8604,2,2017,정면,문장,KETI_SL_0000008604.MTS,아기가 장난감을 삼켰어요
8814,3,2017,정면,문장,KETI_SL_0000008814.MOV,아기가 장난감을 삼켰어요
9024,4,2017,정면,문장,KETI_SL_0000009024.MOV,아기가 장난감을 삼켰어요
9234,5,2017,정면,문장,KETI_SL_0000009234.MOV,아기가 장난감을 삼켰어요
9444,6,2017,정면,문장,KETI_SL_0000009444.MOV,아기가 장난감을 삼켰어요
9654,7,2017,정면,문장,KETI_SL_0000009654.MOV,아기가 장난감을 삼켰어요
9864,8,2017,정면,문장,KETI_SL_0000009864.MOV,아기가 장난감을 삼켰어요
10074,9,2017,정면,문장,KETI_SL_0000010074.MOV,아기가 장난감을 삼켰어요
10284,10,2017,정면,문장,KETI_SL_0000010284.MOV,아기가 장난감을 삼켰어요
8449,1,2017,정면,문장,KETI_SL_0000008449.MOV,아기가 숨을 안 쉬어요
8659,2,2017,정면,문장,KETI_SL_0000008659.MTS,아기가 숨을 안 쉬어요
8869,3,2017,정면,문장,KETI_SL_0000008869.MOV,아기가 숨을 안 쉬어요
9079,4,2017,정면,문장,KETI_SL_0000009079.MOV,아기가 숨을 안 쉬어요
9289,5,2017,정면,문장,KETI_SL_0000009289.MOV,아기가 숨을 안 쉬어요
9499,6,2017,정면,문장,KETI_SL_0000009499.MOV,아기가 숨을 안 쉬어요
9709,7,2017,정면,문장,KETI_SL_0000009709.MOV,아기가 숨을 안 쉬어요
9919,8,2017,정면,문장,KETI_SL_0000009919.MOV,아기가 숨을 안 쉬어요
10129,9,2017,정면,문장,KETI_SL_0000010129.MOV,아기가 숨을 안 쉬어요
10339,10,2017,정면,문장,KETI_SL_0000010339.MOV,아기가 숨을 안 쉬어요
8448,1,2017,정면,문장,KETI_SL_0000008448.MOV,아기가 갑자기 토해요
8658,2,2017,정면,문장,KETI_SL_0000008658.MTS,아기가 갑자기 토해요
8868,3,2017,정면,문장,KETI_SL_0000008868.MOV,아기가 갑자기 토해요
9078,4,2017,정면,문장,KETI_SL_0000009078.MOV,아기가 갑자기 토해요
9288,5,2017,정면,문장,KETI_SL_0000009288.MOV,아기가 갑자기 토해요
9498,6,2017,정면,문장,KETI_SL_0000009498.MOV,아기가 갑자기 토해요
9708,7,2017,정면,문장,KETI_SL_0000009708.MOV,아기가 갑자기 토해요
9918,8,2017,정면,문장,KETI_SL_0000009918.MOV,아기가 갑자기 토해요
10128,9,2017,정면,문장,KETI_SL_0000010128.MOV,아기가 갑자기 토해요
10338,10,2017,정면,문장,KETI_SL_0000010338.MOV,아기가 갑자기 토해요
8420,1,2017,정면,문장,KETI_SL_0000008420.MOV,식사를 하다가 목에 음식이 걸렸어요
8630,2,2017,정면,문장,KETI_SL_0000008630.MTS,식사를 하다가 목에 음식이 걸렸어요
8840,3,2017,정면,문장,KETI_SL_0000008840.MOV,식사를 하다가 목에 음식이 걸렸어요
9050,4,2017,정면,문장,KETI_SL_0000009050.MOV,식사를 하다가 목에 음식이 걸렸어요
9260,5,2017,정면,문장,KETI_SL_0000009260.MOV,식사를 하다가 목에 음식이 걸렸어요
9470,6,2017,정면,문장,KETI_SL_0000009470.MOV,식사를 하다가 목에 음식이 걸렸어요
9680,7,2017,정면,문장,KETI_SL_0000009680.MOV,식사를 하다가 목에 음식이 걸렸어요
9890,8,2017,정면,문장,KETI_SL_0000009890.MOV,식사를 하다가 목에 음식이 걸렸어요
10100,9,2017,정면,문장,KETI_SL_0000010100.MOV,식사를 하다가 목에 음식이 걸렸어요
10310,10,2017,정면,문장,KETI_SL_0000010310.MOV,식사를 하다가 목에 음식이 걸렸어요
8421,1,2017,정면,문장,KETI_SL_0000008421.MOV,스키를 타다가 넘어져서 못 일어나겠어요
8631,2,2017,정면,문장,KETI_SL_0000008631.MTS,스키를 타다가 넘어져서 못 일어나겠어요
8841,3,2017,정면,문장,KETI_SL_0000008841.MOV,스키를 타다가 넘어져서 못 일어나겠어요
9051,4,2017,정면,문장,KETI_SL_0000009051.MOV,스키를 타다가 넘어져서 못 일어나겠어요
9261,5,2017,정면,문장,KETI_SL_0000009261.MOV,스키를 타다가 넘어져서 못 일어나겠어요
9471,6,2017,정면,문장,KETI_SL_0000009471.MOV,스키를 타다가 넘어져서 못 일어나겠어요
9681,7,2017,정면,문장,KETI_SL_0000009681.MOV,스키를 타다가 넘어져서 못 일어나겠어요
9891,8,2017,정면,문장,KETI_SL_0000009891.MOV,스키를 타다가 넘어져서 못 일어나겠어요
10101,9,2017,정면,문장,KETI_SL_0000010101.MOV,스키를 타다가 넘어져서 못 일어나겠어요
10311,10,2017,정면,문장,KETI_SL_0000010311.MOV,스키를 타다가 넘어져서 못 일어나겠어요
8433,1,2017,정면,문장,KETI_SL_0000008433.MOV,숨이 안 쉬어져요
8643,2,2017,정면,문장,KETI_SL_0000008643.MTS,숨이 안 쉬어져요
8853,3,2017,정면,문장,KETI_SL_0000008853.MOV,숨이 안 쉬어져요
9063,4,2017,정면,문장,KETI_SL_0000009063.MOV,숨이 안 쉬어져요
9273,5,2017,정면,문장,KETI_SL_0000009273.MOV,숨이 안 쉬어져요
9483,6,2017,정면,문장,KETI_SL_0000009483.MOV,숨이 안 쉬어져요
9693,7,2017,정면,문장,KETI_SL_0000009693.MOV,숨이 안 쉬어져요
9903,8,2017,정면,문장,KETI_SL_0000009903.MOV,숨이 안 쉬어져요
10113,9,2017,정면,문장,KETI_SL_0000010113.MOV,숨이 안 쉬어져요
10323,10,2017,정면,문장,KETI_SL_0000010323.MOV,숨이 안 쉬어져요
8388,1,2017,정면,문장,KETI_SL_0000008388.MOV,술 취한 사람이 방망이로 사람들을 때리고 있어요
8598,2,2017,정면,문장,KETI_SL_0000008598.MTS,술 취한 사람이 방망이로 사람들을 때리고 있어요
8808,3,2017,정면,문장,KETI_SL_0000008808.MOV,술 취한 사람이 방망이로 사람들을 때리고 있어요
9018,4,2017,정면,문장,KETI_SL_0000009018.MOV,술 취한 사람이 방망이로 사람들을 때리고 있어요
9228,5,2017,정면,문장,KETI_SL_0000009228.MOV,술 취한 사람이 방망이로 사람들을 때리고 있어요
9438,6,2017,정면,문장,KETI_SL_0000009438.MOV,술 취한 사람이 방망이로 사람들을 때리고 있어요
9648,7,2017,정면,문장,KETI_SL_0000009648.MOV,술 취한 사람이 방망이로 사람들을 때리고 있어요
9858,8,2017,정면,문장,KETI_SL_0000009858.MOV,술 취한 사람이 방망이로 사람들을 때리고 있어요
10068,9,2017,정면,문장,KETI_SL_0000010068.MOV,술 취한 사람이 방망이로 사람들을 때리고 있어요
10278,10,2017,정면,문장,KETI_SL_0000010278.MOV,술 취한 사람이 방망이로 사람들을 때리고 있어요
8467,1,2017,정면,문장,KETI_SL_0000008467.MOV,세브란스 병원 진료 예약을 해주세요
8677,2,2017,정면,문장,KETI_SL_0000008677.MTS,세브란스 병원 진료 예약을 해주세요
8887,3,2017,정면,문장,KETI_SL_0000008887.MOV,세브란스 병원 진료 예약을 해주세요
9097,4,2017,정면,문장,KETI_SL_0000009097.MOV,세브란스 병원 진료 예약을 해주세요
9307,5,2017,정면,문장,KETI_SL_0000009307.MOV,세브란스 병원 진료 예약을 해주세요
9517,6,2017,정면,문장,KETI_SL_0000009517.MOV,세브란스 병원 진료 예약을 해주세요
9727,7,2017,정면,문장,KETI_SL_0000009727.MOV,세브란스 병원 진료 예약을 해주세요
9937,8,2017,정면,문장,KETI_SL_0000009937.MOV,세브란스 병원 진료 예약을 해주세요
10147,9,2017,정면,문장,KETI_SL_0000010147.MOV,세브란스 병원 진료 예약을 해주세요
10357,10,2017,정면,문장,KETI_SL_0000010357.MOV,세브란스 병원 진료 예약을 해주세요
8437,1,2017,정면,문장,KETI_SL_0000008437.MOV,산에서 야생동물을 만났어요 저를 공격할 것 같아요
8647,2,2017,정면,문장,KETI_SL_0000008647.MTS,산에서 야생동물을 만났어요 저를 공격할 것 같아요
8857,3,2017,정면,문장,KETI_SL_0000008857.MOV,산에서 야생동물을 만났어요 저를 공격할 것 같아요
9067,4,2017,정면,문장,KETI_SL_0000009067.MOV,산에서 야생동물을 만났어요 저를 공격할 것 같아요
9277,5,2017,정면,문장,KETI_SL_0000009277.MOV,산에서 야생동물을 만났어요 저를 공격할 것 같아요
9487,6,2017,정면,문장,KETI_SL_0000009487.MOV,산에서 야생동물을 만났어요 저를 공격할 것 같아요
9697,7,2017,정면,문장,KETI_SL_0000009697.MOV,산에서 야생동물을 만났어요 저를 공격할 것 같아요
9907,8,2017,정면,문장,KETI_SL_0000009907.MOV,산에서 야생동물을 만났어요 저를 공격할 것 같아요
10117,9,2017,정면,문장,KETI_SL_0000010117.MOV,산에서 야생동물을 만났어요 저를 공격할 것 같아요
10327,10,2017,정면,문장,KETI_SL_0000010327.MOV,산에서 야생동물을 만났어요 저를 공격할 것 같아요
8411,1,2017,정면,문장,KETI_SL_0000008411.MOV,산에서 뱀에게 물렸어요
8621,2,2017,정면,문장,KETI_SL_0000008621.MTS,산에서 뱀에게 물렸어요
8831,3,2017,정면,문장,KETI_SL_0000008831.MOV,산에서 뱀에게 물렸어요
9041,4,2017,정면,문장,KETI_SL_0000009041.MOV,산에서 뱀에게 물렸어요
9251,5,2017,정면,문장,KETI_SL_0000009251.MOV,산에서 뱀에게 물렸어요
9461,6,2017,정면,문장,KETI_SL_0000009461.MOV,산에서 뱀에게 물렸어요
9671,7,2017,정면,문장,KETI_SL_0000009671.MOV,산에서 뱀에게 물렸어요
9881,8,2017,정면,문장,KETI_SL_0000009881.MOV,산에서 뱀에게 물렸어요
10091,9,2017,정면,문장,KETI_SL_0000010091.MOV,산에서 뱀에게 물렸어요
10301,10,2017,정면,문장,KETI_SL_0000010301.MOV,산에서 뱀에게 물렸어요
8465,1,2017,정면,문장,KETI_SL_0000008465.MOV,사람이 무거운 물건에 깔렸어요
8675,2,2017,정면,문장,KETI_SL_0000008675.MTS,사람이 무거운 물건에 깔렸어요
8885,3,2017,정면,문장,KETI_SL_0000008885.MOV,사람이 무거운 물건에 깔렸어요
9095,4,2017,정면,문장,KETI_SL_0000009095.MOV,사람이 무거운 물건에 깔렸어요
9305,5,2017,정면,문장,KETI_SL_0000009305.MOV,사람이 무거운 물건에 깔렸어요
9515,6,2017,정면,문장,KETI_SL_0000009515.MOV,사람이 무거운 물건에 깔렸어요
9725,7,2017,정면,문장,KETI_SL_0000009725.MOV,사람이 무거운 물건에 깔렸어요
9935,8,2017,정면,문장,KETI_SL_0000009935.MOV,사람이 무거운 물건에 깔렸어요
10145,9,2017,정면,문장,KETI_SL_0000010145.MOV,사람이 무거운 물건에 깔렸어요
10355,10,2017,정면,문장,KETI_SL_0000010355.MOV,사람이 무거운 물건에 깔렸어요
8386,1,2017,정면,문장,KETI_SL_0000008386.MOV,빨리 와주세요
8596,2,2017,정면,문장,KETI_SL_0000008596.MTS,빨리 와주세요
8806,3,2017,정면,문장,KETI_SL_0000008806.MOV,빨리 와주세요
9016,4,2017,정면,문장,KETI_SL_0000009016.MOV,빨리 와주세요
9226,5,2017,정면,문장,KETI_SL_0000009226.MOV,빨리 와주세요
9436,6,2017,정면,문장,KETI_SL_0000009436.MOV,빨리 와주세요
9646,7,2017,정면,문장,KETI_SL_0000009646.MOV,빨리 와주세요
9856,8,2017,정면,문장,KETI_SL_0000009856.MOV,빨리 와주세요
10066,9,2017,정면,문장,KETI_SL_0000010066.MOV,빨리 와주세요
10276,10,2017,정면,문장,KETI_SL_0000010276.MOV,빨리 와주세요
8457,1,2017,정면,문장,KETI_SL_0000008457.MOV,빨리 도와주세요
8667,2,2017,정면,문장,KETI_SL_0000008667.MTS,빨리 도와주세요
8877,3,2017,정면,문장,KETI_SL_0000008877.MOV,빨리 도와주세요
9087,4,2017,정면,문장,KETI_SL_0000009087.MOV,빨리 도와주세요
9297,5,2017,정면,문장,KETI_SL_0000009297.MOV,빨리 도와주세요
9507,6,2017,정면,문장,KETI_SL_0000009507.MOV,빨리 도와주세요
9717,7,2017,정면,문장,KETI_SL_0000009717.MOV,빨리 도와주세요
9927,8,2017,정면,문장,KETI_SL_0000009927.MOV,빨리 도와주세요
10137,9,2017,정면,문장,KETI_SL_0000010137.MOV,빨리 도와주세요
10347,10,2017,정면,문장,KETI_SL_0000010347.MOV,빨리 도와주세요
8418,1,2017,정면,문장,KETI_SL_0000008418.MOV,비행기가 추락하고 있어요
8628,2,2017,정면,문장,KETI_SL_0000008628.MTS,비행기가 추락하고 있어요
8838,3,2017,정면,문장,KETI_SL_0000008838.MOV,비행기가 추락하고 있어요
9048,4,2017,정면,문장,KETI_SL_0000009048.MOV,비행기가 추락하고 있어요
9258,5,2017,정면,문장,KETI_SL_0000009258.MOV,비행기가 추락하고 있어요
9468,6,2017,정면,문장,KETI_SL_0000009468.MOV,비행기가 추락하고 있어요
9678,7,2017,정면,문장,KETI_SL_0000009678.MOV,비행기가 추락하고 있어요
9888,8,2017,정면,문장,KETI_SL_0000009888.MOV,비행기가 추락하고 있어요
10098,9,2017,정면,문장,KETI_SL_0000010098.MOV,비행기가 추락하고 있어요
10308,10,2017,정면,문장,KETI_SL_0000010308.MOV,비행기가 추락하고 있어요
8455,1,2017,정면,문장,KETI_SL_0000008455.MOV,복통이 심해요
8665,2,2017,정면,문장,KETI_SL_0000008665.MTS,복통이 심해요
8875,3,2017,정면,문장,KETI_SL_0000008875.MOV,복통이 심해요
9085,4,2017,정면,문장,KETI_SL_0000009085.MOV,복통이 심해요
9295,5,2017,정면,문장,KETI_SL_0000009295.MOV,복통이 심해요
9505,6,2017,정면,문장,KETI_SL_0000009505.MOV,복통이 심해요
9715,7,2017,정면,문장,KETI_SL_0000009715.MOV,복통이 심해요
9925,8,2017,정면,문장,KETI_SL_0000009925.MOV,복통이 심해요
10135,9,2017,정면,문장,KETI_SL_0000010135.MOV,복통이 심해요
10345,10,2017,정면,문장,KETI_SL_0000010345.MOV,복통이 심해요
8396,1,2017,정면,문장,KETI_SL_0000008396.MOV,배가 침몰하고 있어요
8606,2,2017,정면,문장,KETI_SL_0000008606.MTS,배가 침몰하고 있어요
8816,3,2017,정면,문장,KETI_SL_0000008816.MOV,배가 침몰하고 있어요
9026,4,2017,정면,문장,KETI_SL_0000009026.MOV,배가 침몰하고 있어요
9236,5,2017,정면,문장,KETI_SL_0000009236.MOV,배가 침몰하고 있어요
9446,6,2017,정면,문장,KETI_SL_0000009446.MOV,배가 침몰하고 있어요
9656,7,2017,정면,문장,KETI_SL_0000009656.MOV,배가 침몰하고 있어요
9866,8,2017,정면,문장,KETI_SL_0000009866.MOV,배가 침몰하고 있어요
10076,9,2017,정면,문장,KETI_SL_0000010076.MOV,배가 침몰하고 있어요
10286,10,2017,정면,문장,KETI_SL_0000010286.MOV,배가 침몰하고 있어요
8478,1,2017,정면,문장,KETI_SL_0000008478.MOV,발목을 접질렀어요
8688,2,2017,정면,문장,KETI_SL_0000008688.MTS,발목을 접질렀어요
8898,3,2017,정면,문장,KETI_SL_0000008898.MOV,발목을 접질렀어요
9108,4,2017,정면,문장,KETI_SL_0000009108.MOV,발목을 접질렀어요
9318,5,2017,정면,문장,KETI_SL_0000009318.MOV,발목을 접질렀어요
9528,6,2017,정면,문장,KETI_SL_0000009528.MOV,발목을 접질렀어요
9738,7,2017,정면,문장,KETI_SL_0000009738.MOV,발목을 접질렀어요
9948,8,2017,정면,문장,KETI_SL_0000009948.MOV,발목을 접질렀어요
10158,9,2017,정면,문장,KETI_SL_0000010158.MOV,발목을 접질렀어요
10368,10,2017,정면,문장,KETI_SL_0000010368.MOV,발목을 접질렀어요
8474,1,2017,정면,문장,KETI_SL_0000008474.MOV,밖에 싸움이 났어요 경찰을 불러주세요
8684,2,2017,정면,문장,KETI_SL_0000008684.MTS,밖에 싸움이 났어요 경찰을 불러주세요
8894,3,2017,정면,문장,KETI_SL_0000008894.MOV,밖에 싸움이 났어요 경찰을 불러주세요
9104,4,2017,정면,문장,KETI_SL_0000009104.MOV,밖에 싸움이 났어요 경찰을 불러주세요
9314,5,2017,정면,문장,KETI_SL_0000009314.MOV,밖에 싸움이 났어요 경찰을 불러주세요
9524,6,2017,정면,문장,KETI_SL_0000009524.MOV,밖에 싸움이 났어요 경찰을 불러주세요
9734,7,2017,정면,문장,KETI_SL_0000009734.MOV,밖에 싸움이 났어요 경찰을 불러주세요
9944,8,2017,정면,문장,KETI_SL_0000009944.MOV,밖에 싸움이 났어요 경찰을 불러주세요
10154,9,2017,정면,문장,KETI_SL_0000010154.MOV,밖에 싸움이 났어요 경찰을 불러주세요
10364,10,2017,정면,문장,KETI_SL_0000010364.MOV,밖에 싸움이 났어요 경찰을 불러주세요
8471,1,2017,정면,문장,KETI_SL_0000008471.MOV,밖에 불이 났어요. 소방차를 불러주세요
8681,2,2017,정면,문장,KETI_SL_0000008681.MTS,밖에 불이 났어요. 소방차를 불러주세요
8891,3,2017,정면,문장,KETI_SL_0000008891.MOV,밖에 불이 났어요. 소방차를 불러주세요
9101,4,2017,정면,문장,KETI_SL_0000009101.MOV,밖에 불이 났어요. 소방차를 불러주세요
9311,5,2017,정면,문장,KETI_SL_0000009311.MOV,밖에 불이 났어요. 소방차를 불러주세요
9521,6,2017,정면,문장,KETI_SL_0000009521.MOV,밖에 불이 났어요. 소방차를 불러주세요
9731,7,2017,정면,문장,KETI_SL_0000009731.MOV,밖에 불이 났어요. 소방차를 불러주세요
9941,8,2017,정면,문장,KETI_SL_0000009941.MOV,밖에 불이 났어요. 소방차를 불러주세요
10151,9,2017,정면,문장,KETI_SL_0000010151.MOV,밖에 불이 났어요. 소방차를 불러주세요
10361,10,2017,정면,문장,KETI_SL_0000010361.MOV,밖에 불이 났어요. 소방차를 불러주세요
8472,1,2017,정면,문장,KETI_SL_0000008472.MOV,밖에 모르는 사람이 서성거려요
8682,2,2017,정면,문장,KETI_SL_0000008682.MTS,밖에 모르는 사람이 서성거려요
8892,3,2017,정면,문장,KETI_SL_0000008892.MOV,밖에 모르는 사람이 서성거려요
9102,4,2017,정면,문장,KETI_SL_0000009102.MOV,밖에 모르는 사람이 서성거려요
9312,5,2017,정면,문장,KETI_SL_0000009312.MOV,밖에 모르는 사람이 서성거려요
9522,6,2017,정면,문장,KETI_SL_0000009522.MOV,밖에 모르는 사람이 서성거려요
9732,7,2017,정면,문장,KETI_SL_0000009732.MOV,밖에 모르는 사람이 서성거려요
9942,8,2017,정면,문장,KETI_SL_0000009942.MOV,밖에 모르는 사람이 서성거려요
10152,9,2017,정면,문장,KETI_SL_0000010152.MOV,밖에 모르는 사람이 서성거려요
10362,10,2017,정면,문장,KETI_SL_0000010362.MOV,밖에 모르는 사람이 서성거려요
8427,1,2017,정면,문장,KETI_SL_0000008427.MOV,바다에서 조난을 당했어요
8637,2,2017,정면,문장,KETI_SL_0000008637.MTS,바다에서 조난을 당했어요
8847,3,2017,정면,문장,KETI_SL_0000008847.MOV,바다에서 조난을 당했어요
9057,4,2017,정면,문장,KETI_SL_0000009057.MOV,바다에서 조난을 당했어요
9267,5,2017,정면,문장,KETI_SL_0000009267.MOV,바다에서 조난을 당했어요
9477,6,2017,정면,문장,KETI_SL_0000009477.MOV,바다에서 조난을 당했어요
9687,7,2017,정면,문장,KETI_SL_0000009687.MOV,바다에서 조난을 당했어요
9897,8,2017,정면,문장,KETI_SL_0000009897.MOV,바다에서 조난을 당했어요
10107,9,2017,정면,문장,KETI_SL_0000010107.MOV,바다에서 조난을 당했어요
10317,10,2017,정면,문장,KETI_SL_0000010317.MOV,바다에서 조난을 당했어요
8429,1,2017,정면,문장,KETI_SL_0000008429.MOV,문에 몸이 끼었어요
8639,2,2017,정면,문장,KETI_SL_0000008639.MTS,문에 몸이 끼었어요
8849,3,2017,정면,문장,KETI_SL_0000008849.MOV,문에 몸이 끼었어요
9059,4,2017,정면,문장,KETI_SL_0000009059.MOV,문에 몸이 끼었어요
9269,5,2017,정면,문장,KETI_SL_0000009269.MOV,문에 몸이 끼었어요
9479,6,2017,정면,문장,KETI_SL_0000009479.MOV,문에 몸이 끼었어요
9689,7,2017,정면,문장,KETI_SL_0000009689.MOV,문에 몸이 끼었어요
9899,8,2017,정면,문장,KETI_SL_0000009899.MOV,문에 몸이 끼었어요
10109,9,2017,정면,문장,KETI_SL_0000010109.MOV,문에 몸이 끼었어요
10319,10,2017,정면,문장,KETI_SL_0000010319.MOV,문에 몸이 끼었어요
8484,1,2017,정면,문장,KETI_SL_0000008484.MOV,무릎 인대를 다친 것 같아요
8694,2,2017,정면,문장,KETI_SL_0000008694.MTS,무릎 인대를 다친 것 같아요
8904,3,2017,정면,문장,KETI_SL_0000008904.MOV,무릎 인대를 다친 것 같아요
9114,4,2017,정면,문장,KETI_SL_0000009114.MOV,무릎 인대를 다친 것 같아요
9324,5,2017,정면,문장,KETI_SL_0000009324.MOV,무릎 인대를 다친 것 같아요
9534,6,2017,정면,문장,KETI_SL_0000009534.MOV,무릎 인대를 다친 것 같아요
9744,7,2017,정면,문장,KETI_SL_0000009744.MOV,무릎 인대를 다친 것 같아요
9954,8,2017,정면,문장,KETI_SL_0000009954.MOV,무릎 인대를 다친 것 같아요
10164,9,2017,정면,문장,KETI_SL_0000010164.MOV,무릎 인대를 다친 것 같아요
10374,10,2017,정면,문장,KETI_SL_0000010374.MOV,무릎 인대를 다친 것 같아요
8434,1,2017,정면,문장,KETI_SL_0000008434.MOV,몸이 결박 당해있어요
8644,2,2017,정면,문장,KETI_SL_0000008644.MTS,몸이 결박 당해있어요
8854,3,2017,정면,문장,KETI_SL_0000008854.MOV,몸이 결박 당해있어요
9064,4,2017,정면,문장,KETI_SL_0000009064.MOV,몸이 결박 당해있어요
9274,5,2017,정면,문장,KETI_SL_0000009274.MOV,몸이 결박 당해있어요
9484,6,2017,정면,문장,KETI_SL_0000009484.MOV,몸이 결박 당해있어요
9694,7,2017,정면,문장,KETI_SL_0000009694.MOV,몸이 결박 당해있어요
9904,8,2017,정면,문장,KETI_SL_0000009904.MOV,몸이 결박 당해있어요
10114,9,2017,정면,문장,KETI_SL_0000010114.MOV,몸이 결박 당해있어요
10324,10,2017,정면,문장,KETI_SL_0000010324.MOV,몸이 결박 당해있어요
8466,1,2017,정면,문장,KETI_SL_0000008466.MOV,몸에 열이 많이 나고 두통이 심해요
8676,2,2017,정면,문장,KETI_SL_0000008676.MTS,몸에 열이 많이 나고 두통이 심해요
8886,3,2017,정면,문장,KETI_SL_0000008886.MOV,몸에 열이 많이 나고 두통이 심해요
9096,4,2017,정면,문장,KETI_SL_0000009096.MOV,몸에 열이 많이 나고 두통이 심해요
9306,5,2017,정면,문장,KETI_SL_0000009306.MOV,몸에 열이 많이 나고 두통이 심해요
9516,6,2017,정면,문장,KETI_SL_0000009516.MOV,몸에 열이 많이 나고 두통이 심해요
9726,7,2017,정면,문장,KETI_SL_0000009726.MOV,몸에 열이 많이 나고 두통이 심해요
9936,8,2017,정면,문장,KETI_SL_0000009936.MOV,몸에 열이 많이 나고 두통이 심해요
10146,9,2017,정면,문장,KETI_SL_0000010146.MOV,몸에 열이 많이 나고 두통이 심해요
10356,10,2017,정면,문장,KETI_SL_0000010356.MOV,몸에 열이 많이 나고 두통이 심해요
8423,1,2017,정면,문장,KETI_SL_0000008423.MOV,말벌에게 쏘였어요
8633,2,2017,정면,문장,KETI_SL_0000008633.MTS,말벌에게 쏘였어요
8843,3,2017,정면,문장,KETI_SL_0000008843.MOV,말벌에게 쏘였어요
9053,4,2017,정면,문장,KETI_SL_0000009053.MOV,말벌에게 쏘였어요
9263,5,2017,정면,문장,KETI_SL_0000009263.MOV,말벌에게 쏘였어요
9473,6,2017,정면,문장,KETI_SL_0000009473.MOV,말벌에게 쏘였어요
9683,7,2017,정면,문장,KETI_SL_0000009683.MOV,말벌에게 쏘였어요
9893,8,2017,정면,문장,KETI_SL_0000009893.MOV,말벌에게 쏘였어요
10103,9,2017,정면,문장,KETI_SL_0000010103.MOV,말벌에게 쏘였어요
10313,10,2017,정면,문장,KETI_SL_0000010313.MOV,말벌에게 쏘였어요
8384,1,2017,정면,문장,KETI_SL_0000008384.MOV,동생이 문틈에 손이 끼었어요
8594,2,2017,정면,문장,KETI_SL_0000008594.MTS,동생이 문틈에 손이 끼었어요
8804,3,2017,정면,문장,KETI_SL_0000008804.MOV,동생이 문틈에 손이 끼었어요
9014,4,2017,정면,문장,KETI_SL_0000009014.MOV,동생이 문틈에 손이 끼었어요
9224,5,2017,정면,문장,KETI_SL_0000009224.MOV,동생이 문틈에 손이 끼었어요
9434,6,2017,정면,문장,KETI_SL_0000009434.MOV,동생이 문틈에 손이 끼었어요
9644,7,2017,정면,문장,KETI_SL_0000009644.MOV,동생이 문틈에 손이 끼었어요
9854,8,2017,정면,문장,KETI_SL_0000009854.MOV,동생이 문틈에 손이 끼었어요
10064,9,2017,정면,문장,KETI_SL_0000010064.MOV,동생이 문틈에 손이 끼었어요
10274,10,2017,정면,문장,KETI_SL_0000010274.MOV,동생이 문틈에 손이 끼었어요
8425,1,2017,정면,문장,KETI_SL_0000008425.MOV,독버섯을 먹은 것 같아요
8635,2,2017,정면,문장,KETI_SL_0000008635.MTS,독버섯을 먹은 것 같아요
8845,3,2017,정면,문장,KETI_SL_0000008845.MOV,독버섯을 먹은 것 같아요
9055,4,2017,정면,문장,KETI_SL_0000009055.MOV,독버섯을 먹은 것 같아요
9265,5,2017,정면,문장,KETI_SL_0000009265.MOV,독버섯을 먹은 것 같아요
9475,6,2017,정면,문장,KETI_SL_0000009475.MOV,독버섯을 먹은 것 같아요
9685,7,2017,정면,문장,KETI_SL_0000009685.MOV,독버섯을 먹은 것 같아요
9895,8,2017,정면,문장,KETI_SL_0000009895.MOV,독버섯을 먹은 것 같아요
10105,9,2017,정면,문장,KETI_SL_0000010105.MOV,독버섯을 먹은 것 같아요
10315,10,2017,정면,문장,KETI_SL_0000010315.MOV,독버섯을 먹은 것 같아요
8436,1,2017,정면,문장,KETI_SL_0000008436.MOV,도와주세요!
8646,2,2017,정면,문장,KETI_SL_0000008646.MTS,도와주세요!
8856,3,2017,정면,문장,KETI_SL_0000008856.MOV,도와주세요!
9066,4,2017,정면,문장,KETI_SL_0000009066.MOV,도와주세요!
9276,5,2017,정면,문장,KETI_SL_0000009276.MOV,도와주세요!
9486,6,2017,정면,문장,KETI_SL_0000009486.MOV,도와주세요!
9696,7,2017,정면,문장,KETI_SL_0000009696.MOV,도와주세요!
9906,8,2017,정면,문장,KETI_SL_0000009906.MOV,도와주세요!
10116,9,2017,정면,문장,KETI_SL_0000010116.MOV,도와주세요!
10326,10,2017,정면,문장,KETI_SL_0000010326.MOV,도와주세요!
8414,1,2017,정면,문장,KETI_SL_0000008414.MOV,눈에 이물질이 들어갔어요
8624,2,2017,정면,문장,KETI_SL_0000008624.MTS,눈에 이물질이 들어갔어요
8834,3,2017,정면,문장,KETI_SL_0000008834.MOV,눈에 이물질이 들어갔어요
9044,4,2017,정면,문장,KETI_SL_0000009044.MOV,눈에 이물질이 들어갔어요
9254,5,2017,정면,문장,KETI_SL_0000009254.MOV,눈에 이물질이 들어갔어요
9464,6,2017,정면,문장,KETI_SL_0000009464.MOV,눈에 이물질이 들어갔어요
9674,7,2017,정면,문장,KETI_SL_0000009674.MOV,눈에 이물질이 들어갔어요
9884,8,2017,정면,문장,KETI_SL_0000009884.MOV,눈에 이물질이 들어갔어요
10094,9,2017,정면,문장,KETI_SL_0000010094.MOV,눈에 이물질이 들어갔어요
10304,10,2017,정면,문장,KETI_SL_0000010304.MOV,눈에 이물질이 들어갔어요
8385,1,2017,정면,문장,KETI_SL_0000008385.MOV,너무 아파요
8595,2,2017,정면,문장,KETI_SL_0000008595.MTS,너무 아파요
8805,3,2017,정면,문장,KETI_SL_0000008805.MOV,너무 아파요
9015,4,2017,정면,문장,KETI_SL_0000009015.MOV,너무 아파요
9225,5,2017,정면,문장,KETI_SL_0000009225.MOV,너무 아파요
9435,6,2017,정면,문장,KETI_SL_0000009435.MOV,너무 아파요
9645,7,2017,정면,문장,KETI_SL_0000009645.MOV,너무 아파요
9855,8,2017,정면,문장,KETI_SL_0000009855.MOV,너무 아파요
10065,9,2017,정면,문장,KETI_SL_0000010065.MOV,너무 아파요
10275,10,2017,정면,문장,KETI_SL_0000010275.MOV,너무 아파요
8459,1,2017,정면,문장,KETI_SL_0000008459.MOV,내가 방에 갇혔어요
8669,2,2017,정면,문장,KETI_SL_0000008669.MTS,내가 방에 갇혔어요
8879,3,2017,정면,문장,KETI_SL_0000008879.MOV,내가 방에 갇혔어요
9089,4,2017,정면,문장,KETI_SL_0000009089.MOV,내가 방에 갇혔어요
9299,5,2017,정면,문장,KETI_SL_0000009299.MOV,내가 방에 갇혔어요
9509,6,2017,정면,문장,KETI_SL_0000009509.MOV,내가 방에 갇혔어요
9719,7,2017,정면,문장,KETI_SL_0000009719.MOV,내가 방에 갇혔어요
9929,8,2017,정면,문장,KETI_SL_0000009929.MOV,내가 방에 갇혔어요
10139,9,2017,정면,문장,KETI_SL_0000010139.MOV,내가 방에 갇혔어요
10349,10,2017,정면,문장,KETI_SL_0000010349.MOV,내가 방에 갇혔어요
8463,1,2017,정면,문장,KETI_SL_0000008463.MOV,남편이 높은데서 떨어져서 머리에서 피나요
8673,2,2017,정면,문장,KETI_SL_0000008673.MTS,남편이 높은데서 떨어져서 머리에서 피나요
8883,3,2017,정면,문장,KETI_SL_0000008883.MOV,남편이 높은데서 떨어져서 머리에서 피나요
9093,4,2017,정면,문장,KETI_SL_0000009093.MOV,남편이 높은데서 떨어져서 머리에서 피나요
9303,5,2017,정면,문장,KETI_SL_0000009303.MOV,남편이 높은데서 떨어져서 머리에서 피나요
9513,6,2017,정면,문장,KETI_SL_0000009513.MOV,남편이 높은데서 떨어져서 머리에서 피나요
9723,7,2017,정면,문장,KETI_SL_0000009723.MOV,남편이 높은데서 떨어져서 머리에서 피나요
9933,8,2017,정면,문장,KETI_SL_0000009933.MOV,남편이 높은데서 떨어져서 머리에서 피나요
10143,9,2017,정면,문장,KETI_SL_0000010143.MOV,남편이 높은데서 떨어져서 머리에서 피나요
10353,10,2017,정면,문장,KETI_SL_0000010353.MOV,남편이 높은데서 떨어져서 머리에서 피나요
8417,1,2017,정면,문장,KETI_SL_0000008417.MOV,급류에 친구가 휩쓸렸어요
8627,2,2017,정면,문장,KETI_SL_0000008627.MTS,급류에 친구가 휩쓸렸어요
8837,3,2017,정면,문장,KETI_SL_0000008837.MOV,급류에 친구가 휩쓸렸어요
9047,4,2017,정면,문장,KETI_SL_0000009047.MOV,급류에 친구가 휩쓸렸어요
9257,5,2017,정면,문장,KETI_SL_0000009257.MOV,급류에 친구가 휩쓸렸어요
9467,6,2017,정면,문장,KETI_SL_0000009467.MOV,급류에 친구가 휩쓸렸어요
9677,7,2017,정면,문장,KETI_SL_0000009677.MOV,급류에 친구가 휩쓸렸어요
9887,8,2017,정면,문장,KETI_SL_0000009887.MOV,급류에 친구가 휩쓸렸어요
10097,9,2017,정면,문장,KETI_SL_0000010097.MOV,급류에 친구가 휩쓸렸어요
10307,10,2017,정면,문장,KETI_SL_0000010307.MOV,급류에 친구가 휩쓸렸어요
8390,1,2017,정면,문장,KETI_SL_0000008390.MOV,근처에서 폭탄이 터졌어요
8600,2,2017,정면,문장,KETI_SL_0000008600.MTS,근처에서 폭탄이 터졌어요
8810,3,2017,정면,문장,KETI_SL_0000008810.MOV,근처에서 폭탄이 터졌어요
9020,4,2017,정면,문장,KETI_SL_0000009020.MOV,근처에서 폭탄이 터졌어요
9230,5,2017,정면,문장,KETI_SL_0000009230.MOV,근처에서 폭탄이 터졌어요
9440,6,2017,정면,문장,KETI_SL_0000009440.MOV,근처에서 폭탄이 터졌어요
9650,7,2017,정면,문장,KETI_SL_0000009650.MOV,근처에서 폭탄이 터졌어요
9860,8,2017,정면,문장,KETI_SL_0000009860.MOV,근처에서 폭탄이 터졌어요
10070,9,2017,정면,문장,KETI_SL_0000010070.MOV,근처에서 폭탄이 터졌어요
10280,10,2017,정면,문장,KETI_SL_0000010280.MOV,근처에서 폭탄이 터졌어요
8402,1,2017,정면,문장,KETI_SL_0000008402.MOV,근처에 있는 건물이 붕괴되고 있어요
8612,2,2017,정면,문장,KETI_SL_0000008612.MTS,근처에 있는 건물이 붕괴되고 있어요
8822,3,2017,정면,문장,KETI_SL_0000008822.MOV,근처에 있는 건물이 붕괴되고 있어요
9032,4,2017,정면,문장,KETI_SL_0000009032.MOV,근처에 있는 건물이 붕괴되고 있어요
9242,5,2017,정면,문장,KETI_SL_0000009242.MOV,근처에 있는 건물이 붕괴되고 있어요
9452,6,2017,정면,문장,KETI_SL_0000009452.MOV,근처에 있는 건물이 붕괴되고 있어요
9662,7,2017,정면,문장,KETI_SL_0000009662.MOV,근처에 있는 건물이 붕괴되고 있어요
9872,8,2017,정면,문장,KETI_SL_0000009872.MOV,근처에 있는 건물이 붕괴되고 있어요
10082,9,2017,정면,문장,KETI_SL_0000010082.MOV,근처에 있는 건물이 붕괴되고 있어요
10292,10,2017,정면,문장,KETI_SL_0000010292.MOV,근처에 있는 건물이 붕괴되고 있어요
8412,1,2017,정면,문장,KETI_SL_0000008412.MOV,광견병에 걸린 개에게 물렸어요
8622,2,2017,정면,문장,KETI_SL_0000008622.MTS,광견병에 걸린 개에게 물렸어요
8832,3,2017,정면,문장,KETI_SL_0000008832.MOV,광견병에 걸린 개에게 물렸어요
9042,4,2017,정면,문장,KETI_SL_0000009042.MOV,광견병에 걸린 개에게 물렸어요
9252,5,2017,정면,문장,KETI_SL_0000009252.MOV,광견병에 걸린 개에게 물렸어요
9462,6,2017,정면,문장,KETI_SL_0000009462.MOV,광견병에 걸린 개에게 물렸어요
9672,7,2017,정면,문장,KETI_SL_0000009672.MOV,광견병에 걸린 개에게 물렸어요
9882,8,2017,정면,문장,KETI_SL_0000009882.MOV,광견병에 걸린 개에게 물렸어요
10092,9,2017,정면,문장,KETI_SL_0000010092.MOV,광견병에 걸린 개에게 물렸어요
10302,10,2017,정면,문장,KETI_SL_0000010302.MOV,광견병에 걸린 개에게 물렸어요
8432,1,2017,정면,문장,KETI_SL_0000008432.MOV,고압선이 끊어져 있어요
8642,2,2017,정면,문장,KETI_SL_0000008642.MTS,고압선이 끊어져 있어요
8852,3,2017,정면,문장,KETI_SL_0000008852.MOV,고압선이 끊어져 있어요
9062,4,2017,정면,문장,KETI_SL_0000009062.MOV,고압선이 끊어져 있어요
9272,5,2017,정면,문장,KETI_SL_0000009272.MOV,고압선이 끊어져 있어요
9482,6,2017,정면,문장,KETI_SL_0000009482.MOV,고압선이 끊어져 있어요
9692,7,2017,정면,문장,KETI_SL_0000009692.MOV,고압선이 끊어져 있어요
9902,8,2017,정면,문장,KETI_SL_0000009902.MOV,고압선이 끊어져 있어요
10112,9,2017,정면,문장,KETI_SL_0000010112.MOV,고압선이 끊어져 있어요
10322,10,2017,정면,문장,KETI_SL_0000010322.MOV,고압선이 끊어져 있어요
8395,1,2017,정면,문장,KETI_SL_0000008395.MOV,고속도로에서 자동차가 갑자기 멈췄어요
8605,2,2017,정면,문장,KETI_SL_0000008605.MTS,고속도로에서 자동차가 갑자기 멈췄어요
8815,3,2017,정면,문장,KETI_SL_0000008815.MOV,고속도로에서 자동차가 갑자기 멈췄어요
9025,4,2017,정면,문장,KETI_SL_0000009025.MOV,고속도로에서 자동차가 갑자기 멈췄어요
9235,5,2017,정면,문장,KETI_SL_0000009235.MOV,고속도로에서 자동차가 갑자기 멈췄어요
9445,6,2017,정면,문장,KETI_SL_0000009445.MOV,고속도로에서 자동차가 갑자기 멈췄어요
9655,7,2017,정면,문장,KETI_SL_0000009655.MOV,고속도로에서 자동차가 갑자기 멈췄어요
9865,8,2017,정면,문장,KETI_SL_0000009865.MOV,고속도로에서 자동차가 갑자기 멈췄어요
10075,9,2017,정면,문장,KETI_SL_0000010075.MOV,고속도로에서 자동차가 갑자기 멈췄어요
10285,10,2017,정면,문장,KETI_SL_0000010285.MOV,고속도로에서 자동차가 갑자기 멈췄어요
8393,1,2017,정면,문장,KETI_SL_0000008393.MOV,강아지가 뼈를 삼켰어요
8603,2,2017,정면,문장,KETI_SL_0000008603.MTS,강아지가 뼈를 삼켰어요
8813,3,2017,정면,문장,KETI_SL_0000008813.MOV,강아지가 뼈를 삼켰어요
9023,4,2017,정면,문장,KETI_SL_0000009023.MOV,강아지가 뼈를 삼켰어요
9233,5,2017,정면,문장,KETI_SL_0000009233.MOV,강아지가 뼈를 삼켰어요
9443,6,2017,정면,문장,KETI_SL_0000009443.MOV,강아지가 뼈를 삼켰어요
9653,7,2017,정면,문장,KETI_SL_0000009653.MOV,강아지가 뼈를 삼켰어요
9863,8,2017,정면,문장,KETI_SL_0000009863.MOV,강아지가 뼈를 삼켰어요
10073,9,2017,정면,문장,KETI_SL_0000010073.MOV,강아지가 뼈를 삼켰어요
10283,10,2017,정면,문장,KETI_SL_0000010283.MOV,강아지가 뼈를 삼켰어요
8446,1,2017,정면,문장,KETI_SL_0000008446.MOV,강도가 들어온것 같아요
8656,2,2017,정면,문장,KETI_SL_0000008656.MTS,강도가 들어온것 같아요
8866,3,2017,정면,문장,KETI_SL_0000008866.MOV,강도가 들어온것 같아요
9076,4,2017,정면,문장,KETI_SL_0000009076.MOV,강도가 들어온것 같아요
9286,5,2017,정면,문장,KETI_SL_0000009286.MOV,강도가 들어온것 같아요
9496,6,2017,정면,문장,KETI_SL_0000009496.MOV,강도가 들어온것 같아요
9706,7,2017,정면,문장,KETI_SL_0000009706.MOV,강도가 들어온것 같아요
9916,8,2017,정면,문장,KETI_SL_0000009916.MOV,강도가 들어온것 같아요
10126,9,2017,정면,문장,KETI_SL_0000010126.MOV,강도가 들어온것 같아요
10336,10,2017,정면,문장,KETI_SL_0000010336.MOV,강도가 들어온것 같아요
8444,1,2017,정면,문장,KETI_SL_0000008444.MOV,감전 사고가 났어요
8654,2,2017,정면,문장,KETI_SL_0000008654.MTS,감전 사고가 났어요
8864,3,2017,정면,문장,KETI_SL_0000008864.MOV,감전 사고가 났어요
9074,4,2017,정면,문장,KETI_SL_0000009074.MOV,감전 사고가 났어요
9284,5,2017,정면,문장,KETI_SL_0000009284.MOV,감전 사고가 났어요
9494,6,2017,정면,문장,KETI_SL_0000009494.MOV,감전 사고가 났어요
9704,7,2017,정면,문장,KETI_SL_0000009704.MOV,감전 사고가 났어요
9914,8,2017,정면,문장,KETI_SL_0000009914.MOV,감전 사고가 났어요
10124,9,2017,정면,문장,KETI_SL_0000010124.MOV,감전 사고가 났어요
10334,10,2017,정면,문장,KETI_SL_0000010334.MOV,감전 사고가 났어요
8443,1,2017,정면,문장,KETI_SL_0000008443.MOV,가스가 새고 있어요
8653,2,2017,정면,문장,KETI_SL_0000008653.MTS,가스가 새고 있어요
8863,3,2017,정면,문장,KETI_SL_0000008863.MOV,가스가 새고 있어요
9073,4,2017,정면,문장,KETI_SL_0000009073.MOV,가스가 새고 있어요
9283,5,2017,정면,문장,KETI_SL_0000009283.MOV,가스가 새고 있어요
9493,6,2017,정면,문장,KETI_SL_0000009493.MOV,가스가 새고 있어요
9703,7,2017,정면,문장,KETI_SL_0000009703.MOV,가스가 새고 있어요
9913,8,2017,정면,문장,KETI_SL_0000009913.MOV,가스가 새고 있어요
10123,9,2017,정면,문장,KETI_SL_0000010123.MOV,가스가 새고 있어요
10333,10,2017,정면,문장,KETI_SL_0000010333.MOV,가스가 새고 있어요
8430,1,2017,정면,문장,KETI_SL_0000008430.MOV,가스가 새고 있는 것 같아요
8640,2,2017,정면,문장,KETI_SL_0000008640.MTS,가스가 새고 있는 것 같아요
8850,3,2017,정면,문장,KETI_SL_0000008850.MOV,가스가 새고 있는 것 같아요
9060,4,2017,정면,문장,KETI_SL_0000009060.MOV,가스가 새고 있는 것 같아요
9270,5,2017,정면,문장,KETI_SL_0000009270.MOV,가스가 새고 있는 것 같아요
9480,6,2017,정면,문장,KETI_SL_0000009480.MOV,가스가 새고 있는 것 같아요
9690,7,2017,정면,문장,KETI_SL_0000009690.MOV,가스가 새고 있는 것 같아요
9900,8,2017,정면,문장,KETI_SL_0000009900.MOV,가스가 새고 있는 것 같아요
10110,9,2017,정면,문장,KETI_SL_0000010110.MOV,가스가 새고 있는 것 같아요
10320,10,2017,정면,문장,KETI_SL_0000010320.MOV,가스가 새고 있는 것 같아요
8469,1,2017,정면,문장,KETI_SL_0000008469.MOV,119 구조대를 불러주세요
8679,2,2017,정면,문장,KETI_SL_0000008679.MTS,119 구조대를 불러주세요
8889,3,2017,정면,문장,KETI_SL_0000008889.MOV,119 구조대를 불러주세요
9099,4,2017,정면,문장,KETI_SL_0000009099.MOV,119 구조대를 불러주세요
9309,5,2017,정면,문장,KETI_SL_0000009309.MOV,119 구조대를 불러주세요
9519,6,2017,정면,문장,KETI_SL_0000009519.MOV,119 구조대를 불러주세요
9729,7,2017,정면,문장,KETI_SL_0000009729.MOV,119 구조대를 불러주세요
9939,8,2017,정면,문장,KETI_SL_0000009939.MOV,119 구조대를 불러주세요
10149,9,2017,정면,문장,KETI_SL_0000010149.MOV,119 구조대를 불러주세요
10359,10,2017,정면,문장,KETI_SL_0000010359.MOV,119 구조대를 불러주세요
8473,1,2017,정면,문장,KETI_SL_0000008473.MOV,112에 신고해주세요
8683,2,2017,정면,문장,KETI_SL_0000008683.MTS,112에 신고해주세요
8893,3,2017,정면,문장,KETI_SL_0000008893.MOV,112에 신고해주세요
9103,4,2017,정면,문장,KETI_SL_0000009103.MOV,112에 신고해주세요
9313,5,2017,정면,문장,KETI_SL_0000009313.MOV,112에 신고해주세요
9523,6,2017,정면,문장,KETI_SL_0000009523.MOV,112에 신고해주세요
9733,7,2017,정면,문장,KETI_SL_0000009733.MOV,112에 신고해주세요
9943,8,2017,정면,문장,KETI_SL_0000009943.MOV,112에 신고해주세요
10153,9,2017,정면,문장,KETI_SL_0000010153.MOV,112에 신고해주세요
10363,10,2017,정면,문장,KETI_SL_0000010363.MOV,112에 신고해주세요
8426,1,2017,정면,문장,KETI_SL_0000008426.MOV,(신체부위)가 절단됐어요
8636,2,2017,정면,문장,KETI_SL_0000008636.MTS,(신체부위)가 절단됐어요
8846,3,2017,정면,문장,KETI_SL_0000008846.MOV,(신체부위)가 절단됐어요
9056,4,2017,정면,문장,KETI_SL_0000009056.MOV,(신체부위)가 절단됐어요
9266,5,2017,정면,문장,KETI_SL_0000009266.MOV,(신체부위)가 절단됐어요
9476,6,2017,정면,문장,KETI_SL_0000009476.MOV,(신체부위)가 절단됐어요
9686,7,2017,정면,문장,KETI_SL_0000009686.MOV,(신체부위)가 절단됐어요
9896,8,2017,정면,문장,KETI_SL_0000009896.MOV,(신체부위)가 절단됐어요
10106,9,2017,정면,문장,KETI_SL_0000010106.MOV,(신체부위)가 절단됐어요
10316,10,2017,정면,문장,KETI_SL_0000010316.MOV,(신체부위)가 절단됐어요
8392,1,2017,정면,문장,KETI_SL_0000008392.MOV,(사람)이 갑자기 쓰러졌어요
8602,2,2017,정면,문장,KETI_SL_0000008602.MTS,(사람)이 갑자기 쓰러졌어요
8812,3,2017,정면,문장,KETI_SL_0000008812.MOV,(사람)이 갑자기 쓰러졌어요
9022,4,2017,정면,문장,KETI_SL_0000009022.MOV,(사람)이 갑자기 쓰러졌어요
9232,5,2017,정면,문장,KETI_SL_0000009232.MOV,(사람)이 갑자기 쓰러졌어요
9442,6,2017,정면,문장,KETI_SL_0000009442.MOV,(사람)이 갑자기 쓰러졌어요
9652,7,2017,정면,문장,KETI_SL_0000009652.MOV,(사람)이 갑자기 쓰러졌어요
9862,8,2017,정면,문장,KETI_SL_0000009862.MOV,(사람)이 갑자기 쓰러졌어요
10072,9,2017,정면,문장,KETI_SL_0000010072.MOV,(사람)이 갑자기 쓰러졌어요
10282,10,2017,정면,문장,KETI_SL_0000010282.MOV,(사람)이 갑자기 쓰러졌어요
